Manual testing	33222271	NF	2011-09-21 14:10	36.7	no factor for M33222271 from 2^69 to 2^70 [mfakto 0.08 mfakto_cl_barrett79]	3.5989
hex	41438329	NF-PM1	2011-09-21 10:36	20.3	B1=265000, B2=5697500	1.1989
hex	41597461	NF-PM1	2011-09-21 04:06	20.1	B1=265000, B2=5697500	1.1989
Manual testing	27913597	NF	2011-09-21 01:31	0.0	no factor for M27913597 from 2^68 to 2^69 [mfakto 0.08 mfakto_cl_barrett79]	2.1417
hex	41437009	NF-PM1	2011-09-20 21:15	19.8	B1=265000, B2=5697500	1.1989
slice	43353019	NF-PM1	2011-09-20 17:49	25.6	B1=240000, B2=4200000	1.1473
Manual testing	49944133	NF	2011-09-20 14:59	11.3	no factor for M49944133 from 2^71 to 2^72 [mfakto 0.08 mfakto_cl_barrett79]	9.5758
hex	41593751	NF-PM1	2011-09-20 13:48	19.5	B1=265000, B2=5697500	1.1989
hex	41405887	NF-PM1	2011-09-20 08:34	19.2	B1=265000, B2=5697500	1.1989
hex	55309937	NF-PM1	2011-09-20 08:24	8.4	B1=620000, B2=15965000	4.4747
kk	45045041	F-PM1	2011-09-20 02:27	34.0	668111282493691534481	1.3370
hex	41591723	NF-PM1	2011-09-19 23:02	18.9	B1=265000, B2=5697500	1.1989
hex	42940591	NF-PM1	2011-09-19 20:31	19.2	B1=275000, B2=6050000	1.2602
kurlytop	44069833	NF-PM1	2011-09-19 19:28	38.6	B1=245000, B2=4471250	1.0519
hex	49944133	NF-PM1	2011-09-19 17:30	0.0	B1=555000, B2=13458750	3.3417
hex	41586731	NF-PM1	2011-09-19 09:37	18.3	B1=265000, B2=5697500	1.1989
hex	42964217	NF-PM1	2011-09-19 06:22	18.6	B1=275000, B2=6050000	1.2602
hex	41568829	NF-PM1	2011-09-18 19:48	17.7	B1=265000, B2=5697500	1.1989
kurlytop	44044207	NF-PM1	2011-09-18 15:54	37.5	B1=245000, B2=4471250	1.0519
hex	42878261	NF-PM1	2011-09-18 15:25	18.0	B1=275000, B2=6050000	1.2602
Manual testing	55420919	NF	2011-09-18 07:13	0.0	no factor for M55420919 from 2^69 to 2^70 [mfakto 0.08 mfakto_cl_barrett79]	2.1574
hex	42984581	NF-PM1	2011-09-18 06:43	17.6	B1=275000, B2=6050000	1.2602
hex	42844597	NF-PM1	2011-09-18 00:46	17.4	B1=275000, B2=6050000	1.2602
hex	51805301	NF-PM1	2011-09-17 18:27	7.5	B1=605000, B2=16486250	4.0842
hex	42943393	NF-PM1	2011-09-17 16:26	17.0	B1=275000, B2=6050000	1.2602
Manual testing	55291867	NF	2011-09-17 15:48	0.0	no factor for M55291867 from 2^69 to 2^70 [mfakto 0.08 mfakto_cl_barrett79]	2.1624
Manual testing	25598407	NF	2011-09-17 15:48	2.6	no factor for M25598407 from 2^68 to 2^69 [mfakto 0.08 mfakto_cl_barrett79]	2.3354
Manual testing	25589771	NF	2011-09-17 15:48	2.6	no factor for M25589771 from 2^68 to 2^69 [mfakto 0.08 mfakto_cl_barrett79]	2.3362
kurlytop	44039057	NF-PM1	2011-09-17 12:41	36.3	B1=245000, B2=4471250	1.0519
hex	42840803	F-PM1	2011-09-17 11:52	16.8	1419839320634798936321	1.2522
slice	43064521	NF-PM1	2011-09-17 04:45	42.2	B1=255000, B2=4845000	1.2715
hex	42935377	NF-PM1	2011-09-17 03:57	16.5	B1=275000, B2=6050000	1.2602
kk	45044969	NF-PM1	2011-09-17 02:47	31.0	B1=270000, B2=5062500	1.3370
hex	42785401	NF-PM1	2011-09-16 23:00	16.3	B1=275000, B2=5981250	1.2522
Manual testing	25586791	NF	2011-09-16 17:36	1.7	no factor for M25586791 from 2^68 to 2^69 [mfakto 0.08 mfakto_cl_barrett79]	2.3364
hex	42888347	NF-PM1	2011-09-16 15:30	16.0	B1=275000, B2=6050000	1.2602
Manual testing	25539607	NF	2011-09-16 14:38	1.6	no factor for M25539607 from 2^68 to 2^69 [mfakto 0.08 mfakto_cl_barrett79]	2.3408
hex	42719473	F-PM1	2011-09-16 09:53	15.8	9792082993513945140383	1.2373
Manual testing	25537651	NF	2011-09-16 04:16	1.2	no factor for M25537651 from 2^68 to 2^69 [mfakto 0.08 mfakto_cl_barrett79]	2.3409
hex	51947681	NF-PM1	2011-09-16 03:41	7.9	B1=610000, B2=16622500	4.1180
hex	42853859	NF-PM1	2011-09-16 03:17	15.5	B1=275000, B2=6050000	1.2602
kurlytop	44011801	NF-PM1	2011-09-16 02:44	34.9	B1=245000, B2=4471250	1.0519
slice	43175647	NF-PM1	2011-09-15 23:39	0.0	B1=230000, B2=4082500	1.1074
hex	41772461	NF-PM1	2011-09-15 21:55	14.8	B1=250000, B2=5062500	1.0947
Manual testing	25598407	NF	2011-09-15 21:46	0.9	no factor for M25598407 from 2^67 to 2^68 [mfakto 0.08 mfakto_cl_barrett79]	1.1677
Manual testing	25589771	NF	2011-09-15 21:46	0.9	no factor for M25589771 from 2^67 to 2^68 [mfakto 0.08 mfakto_cl_barrett79]	1.1681
Manual testing	25586791	NF	2011-09-15 21:46	0.9	no factor for M25586791 from 2^67 to 2^68 [mfakto 0.08 mfakto_cl_barrett79]	1.1682
Manual testing	25539607	NF	2011-09-15 21:46	0.9	no factor for M25539607 from 2^67 to 2^68 [mfakto 0.08 mfakto_cl_barrett79]	1.1704
Manual testing	52629991	NF	2011-09-15 21:45	0.0	no factor for M52629991 from 2^69 to 2^70 [mfakto 0.08 mfakto_cl_barrett79]	2.2718
hex	41774351	NF-PM1	2011-09-15 14:18	14.5	B1=250000, B2=5062500	1.0947
hex	42707219	NF-PM1	2011-09-15 11:39	14.8	B1=270000, B2=5940000	1.2373
hex	42795763	NF-PM1	2011-09-15 04:09	14.5	B1=275000, B2=5981250	1.2522
Manual testing	25537651	NF	2011-09-15 04:00	0.2	no factor for M25537651 from 2^67 to 2^68 [mfakto 0.08 mfakto_cl_barrett79]	1.1705
hex	42473449	NF-PM1	2011-09-14 19:36	14.2	B1=270000, B2=5940000	1.2373
hex	42738821	NF-PM1	2011-09-14 17:34	14.1	B1=270000, B2=5940000	1.2373
Manual testing	41772461	NF	2011-09-14 14:51	0.0	no factor for M41772461 from 2^68 to 2^69 [mfakto 0.08 mfakto_cl_barrett79]	1.4311
Manual testing	55309937	NF	2011-09-14 14:51	0.0	no factor for M55309937 from 2^69 to 2^70 [mfakto 0.07 mfakto_cl_barrett79]	2.1617
Manual testing	8684479	NF	2011-09-14 14:51	0.0	no factor for M8684479 from 2^64 to 2^65 [mfakto 0.07 mfakto_cl_barrett79]	0.4302
Manual testing	49944133	NF	2011-09-14 14:51	5.3	no factor for M49944133 from 2^70 to 2^71 [mfakto 0.07 mfakto_cl_barrett79]	4.7879
Manual testing	44279483	NF	2011-09-14 14:51	0.0	no factor for M44279483 from 2^68 to 2^69 [mfakto 0.07 mfakto_cl_barrett79]	1.3501
Manual testing	56700277	NF	2011-09-14 14:51	0.0	no factor for M56700277 from 2^69 to 2^70 [mfakto 0.07 mfakto_cl_barrett79]	2.1087
Manual testing	49944133	NF	2011-09-14 14:51	5.3	no factor for M49944133 from 2^69 to 2^70 [mfakto 0.07 mfakto_cl_barrett79]	2.3940
Manual testing	24413999	NF	2011-09-14 14:51	0.0	no factor for M24413999 from 2^67 to 2^68 [mfakto 0.07 mfakto_cl_barrett79]	1.2243
Manual testing	70688767	NF	2011-09-14 14:51	0.0	no factor for M70688767 from 2^69 to 2^70 [mfakto 0.07 mfakto_cl_barrett79]	1.6914
Manual testing	42657257	NF	2011-09-14 14:51	0.0	no factor for M42657257 from 2^69 to 2^70 [mfakto 0.07 mfakto_cl_barrett79]	2.8029
Manual testing	24962909	NF	2011-09-14 14:51	29.5	no factor for M24962909 from 2^67 to 2^68 [mfakto 0.07 mfakto_cl_barrett79]	1.1974
Manual testing	91103891	NF	2011-09-14 14:51	0.0	no factor for M91103891 from 2^71 to 2^72 [mfakto 0.07 mfakto_cl_barrett79]	5.2496
Manual testing	44888323	NF	2011-09-14 14:51	0.0	no factor for M44888323 from 2^69 to 2^70 [mfakto 0.07 mfakto_cl_barrett79]	2.6636
Manual testing	33220367	NF	2011-09-14 14:51	29.7	no factor for M33220367 from 2^68 to 2^69 [mfakto 0.07 mfakto_cl_barrett79]	1.7996
Manual testing	33227353	NF	2011-09-14 14:51	64.5	no factor for M33227353 from 2^68 to 2^69 [mfakto 0.07 mfakto_cl_barrett79]	1.7992
Manual testing	33222271	NF	2011-09-14 14:51	29.7	no factor for M33222271 from 2^68 to 2^69 [mfakto 0.07 mfakto_cl_barrett79]	1.7995
hex	56700277	NF-PM1	2011-09-14 11:56	8.8	B1=670000, B2=18592500	5.0599
hex	42665489	NF-PM1	2011-09-14 06:57	13.6	B1=270000, B2=5940000	1.2373
kk	45043417	NF-PM1	2011-09-14 03:07	28.0	B1=270000, B2=5062500	1.3370
hex	41456201	NF-PM1	2011-09-13 19:12	0.8	B1=265000, B2=5697500	1.1989
hex	42429853	NF-PM1	2011-09-13 19:07	13.2	B1=270000, B2=5940000	1.2373
hex	42650893	NF-PM1	2011-09-13 18:36	13.1	B1=270000, B2=5940000	1.2373
hex	44279483	NF-PM1	2011-09-13 05:45	2.0	B1=285000, B2=6483750	1.3783
hex	42610003	NF-PM1	2011-09-13 05:01	12.6	B1=270000, B2=5940000	1.2373
hex	42422377	NF-PM1	2011-09-13 03:37	12.5	B1=270000, B2=5940000	1.2373
kurlytop	8684479	NF-PM1	2011-09-13 02:40	1.8	B1=160000, B2=3320000	0.1258
kurlytop	8680951	NF-PM1	2011-09-12 23:39	1.7	B1=160000, B2=3320000	0.1258
kurlytop	8680073	NF-PM1	2011-09-12 20:25	1.6	B1=160000, B2=3320000	0.1258
kurlytop	8679943	NF-PM1	2011-09-12 16:28	1.4	B1=160000, B2=3320000	0.1258
hex	42527159	NF-PM1	2011-09-12 15:06	12.0	B1=270000, B2=5940000	1.2373
hex	11209529	NF-PM1	2011-09-12 14:12	0.6	B1=215000, B2=5160000	0.2376
hex	42302747	NF-PM1	2011-09-12 13:19	11.9	B1=270000, B2=5940000	1.2373
kurlytop	8625229	NF-PM1	2011-09-12 13:08	1.3	B1=160000, B2=3280000	0.1249
hex	50490137	NF-PM1	2011-09-12 12:14	8.4	B1=590000, B2=15487500	3.7232
hex	11207971	NF-PM1	2011-09-12 11:49	0.5	B1=215000, B2=5160000	0.2376
kurlytop	8620631	NF-PM1	2011-09-12 10:11	1.2	B1=160000, B2=3280000	0.1249
hex	11207653	NF-PM1	2011-09-12 09:25	0.4	B1=215000, B2=5160000	0.2376
kurlytop	8620589	NF-PM1	2011-09-12 07:14	1.0	B1=160000, B2=3280000	0.1249
hex	10010101	NF-ECM	2011-09-12 07:00	1.2	5 curves, B1=50000, B2=5000000	2.2176
kurlytop	8617319	NF-PM1	2011-09-12 04:16	0.9	B1=160000, B2=3280000	0.1249
hex	11205637	NF-PM1	2011-09-12 01:38	0.1	B1=215000, B2=5160000	0.2376
hex	42381751	NF-PM1	2011-09-12 01:28	11.4	B1=270000, B2=5940000	1.2373
kurlytop	8614513	NF-PM1	2011-09-12 01:09	0.8	B1=160000, B2=3280000	0.1249
slice	2267	NF-ECM	2011-09-12 00:11	6.0	10 curves, B1=260000000, B2=26000000000	1.5461
hex	42341699	NF-PM1	2011-09-11 22:44	11.3	B1=270000, B2=5940000	1.2373
kurlytop	8611991	NF-PM1	2011-09-11 22:09	0.7	B1=160000, B2=3280000	0.1249
kurlytop	8611891	NF-PM1	2011-09-11 18:46	0.5	B1=160000, B2=3280000	0.1249
kurlytop	8608799	NF-PM1	2011-09-11 15:50	0.4	B1=160000, B2=3280000	0.1249
kurlytop	8606621	NF-PM1	2011-09-11 12:53	0.2	B1=160000, B2=3280000	0.1249
hex	42330823	NF-PM1	2011-09-11 11:35	10.8	B1=270000, B2=5940000	1.2373
slice	2267	NF-ECM	2011-09-11 10:56	5.4	10 curves, B1=260000000, B2=26000000000	1.5461
kurlytop	8600309	NF-PM1	2011-09-11 09:56	0.1	B1=160000, B2=3280000	0.1249
hex	42257627	NF-PM1	2011-09-11 08:24	10.7	B1=270000, B2=5940000	1.2373
kurlytop	2267	NF-ECM	2011-09-11 05:30	5.2	10 curves, B1=260000000, B2=26000000000	1.5461
kk	45043237	NF-PM1	2011-09-11 03:22	25.0	B1=270000, B2=5062500	1.3370
hex	41883319	NF-PM1	2011-09-10 21:33	10.2	B1=270000, B2=5872500	1.2294
hex	54949541	NF-PM1	2011-09-10 20:27	10.2	B1=660000, B2=19470000	4.8266
hex	42080567	NF-PM1	2011-09-10 18:57	10.1	B1=270000, B2=5872500	1.2294
hex	24413999	C	2011-09-10 10:41	67.4	1B4492C4993911__	19.8025
hex	41838739	NF-PM1	2011-09-10 08:20	9.7	B1=270000, B2=5872500	1.2294
hex	42035909	NF-PM1	2011-09-10 05:45	9.6	B1=270000, B2=5872500	1.2294
hex	41804221	NF-PM1	2011-09-09 18:23	9.1	B1=265000, B2=5830000	1.2144
kurlytop	2267	NF-ECM	2011-09-09 17:30	3.7	10 curves, B1=260000000, B2=26000000000	1.5461
hex	42009841	NF-PM1	2011-09-09 15:35	9.0	B1=270000, B2=5872500	1.2294
hex	41862497	NF-PM1	2011-09-09 04:33	8.5	B1=270000, B2=5872500	1.2294
hex	41962483	NF-PM1	2011-09-09 01:33	8.4	B1=270000, B2=5872500	1.2294
slice	43059923	NF-PM1	2011-09-09 00:47	34.0	B1=255000, B2=4845000	1.2715
hex	43969609	C	2011-09-08 20:56	148.8	0A012FF5CA1D44__	67.1147
hex	54505537	NF-PM1	2011-09-08 18:08	8.8	B1=655000, B2=19322500	4.7900
hex	41765473	NF-PM1	2011-09-08 14:41	8.0	B1=265000, B2=5830000	1.2144
hex	41931893	NF-PM1	2011-09-08 11:49	7.8	B1=270000, B2=5872500	1.2294
slice	43082849	NF-PM1	2011-09-08 11:43	33.5	B1=255000, B2=4845000	1.2715
kurlytop	2267	NF-ECM	2011-09-08 04:41	2.1	10 curves, B1=260000000, B2=26000000000	1.5461
kk	45042379	NF-PM1	2011-09-08 03:42	22.0	B1=270000, B2=5062500	1.3370
hex	41618909	NF-PM1	2011-09-08 00:52	7.4	B1=265000, B2=5697500	1.1989
hex	44567213	NF-PM1	2011-09-07 21:27	18.8	B1=250000, B2=4812500	1.1603
hex	44589541	NF-PM1	2011-09-07 08:58	18.3	B1=250000, B2=4812500	1.1603
hex	44506337	NF-PM1	2011-09-07 06:40	18.2	B1=250000, B2=4750000	1.1524
hex	44526473	NF-PM1	2011-09-06 20:40	17.8	B1=250000, B2=4750000	1.1524
hex	44473931	NF-PM1	2011-09-06 18:38	17.7	B1=250000, B2=4750000	1.1524
hex	57690701	NF-PM1	2011-09-06 13:59	11.5	B1=690000, B2=20700000	5.4709
hex	41933083	NF-PM1	2011-09-06 11:16	0.6	B1=270000, B2=5872500	1.2294
hex	44459843	NF-PM1	2011-09-06 08:18	17.3	B1=250000, B2=4750000	1.1524
hex	1930937	NF-PM1	2011-09-06 06:31	6.4	B1=1000000, B2=30000000	0.2029
hex	44355229	NF-PM1	2011-09-06 06:22	17.2	B1=250000, B2=4687500	1.1445
hex	1930883	NF-PM1	2011-09-06 04:17	6.3	B1=1000000, B2=30000000	0.2029
hex	1930823	NF-PM1	2011-09-06 02:49	6.2	B1=1000000, B2=30000000	0.2029
kurlytop	1930801	NF-PM1	2011-09-06 02:34	6.2	B1=1000000, B2=30000000	0.2029
kurlytop	1930763	NF-PM1	2011-09-05 22:37	6.1	B1=1000000, B2=30000000	0.2029
hex	44331533	NF-PM1	2011-09-05 20:05	16.8	B1=250000, B2=4687500	1.0884
kurlytop	1930783	NF-PM1	2011-09-05 18:21	5.9	B1=1000000, B2=30000000	0.2029
hex	44280143	NF-PM1	2011-09-05 18:17	16.7	B1=245000, B2=4655000	1.0740
kurlytop	1930633	NF-PM1	2011-09-05 14:40	5.8	B1=1000000, B2=30000000	0.2029
kurlytop	1930679	NF-PM1	2011-09-05 10:58	5.6	B1=1000000, B2=30000000	0.2029
hex	44322823	NF-PM1	2011-09-05 08:38	16.3	B1=250000, B2=4687500	1.0884
hex	44200763	NF-PM1	2011-09-05 06:53	16.2	B1=245000, B2=4655000	1.0740
hex	10188811	NF-PM1	2011-09-05 05:44	0.0	B1=125000, B2=2468750	0.1069
hex	10186669	NF-PM1	2011-09-05 04:32	0.0	B1=125000, B2=2468750	0.1069
kk	45040109	NF-PM1	2011-09-05 04:04	19.0	B1=270000, B2=5062500	1.3370
hex	10186559	NF-PM1	2011-09-05 03:19	0.0	B1=125000, B2=2468750	0.1069
hex	10185811	NF-PM1	2011-09-05 02:07	0.0	B1=125000, B2=2468750	0.1069
hex	44276389	NF-PM1	2011-09-04 21:02	15.8	B1=245000, B2=4655000	1.0740
hex	43266871	NF-PM1	2011-09-04 19:18	19.9	B1=260000, B2=5265000	1.1790
hex	43291363	NF-PM1	2011-09-04 09:52	19.5	B1=260000, B2=5265000	1.1790
hex	43211713	NF-PM1	2011-09-04 07:48	19.4	B1=260000, B2=5265000	1.1790
hex	55660133	NF-PM1	2011-09-04 05:05	11.4	B1=660000, B2=18150000	4.9568
hex	43289479	NF-PM1	2011-09-03 22:05	19.0	B1=260000, B2=5265000	1.1790
hex	43209487	NF-PM1	2011-09-03 19:47	18.9	B1=240000, B2=4560000	1.0521
slice	43043027	NF-PM1	2011-09-03 18:23	28.8	B1=255000, B2=4845000	1.2715
hex	43277797	NF-PM1	2011-09-03 12:06	18.6	B1=260000, B2=5265000	1.1790
hex	43199987	NF-PM1	2011-09-03 11:12	18.5	B1=240000, B2=4560000	1.0521
hex	40756643	NF-PM1	2011-09-03 04:20	0.5	B1=260000, B2=5590000	1.1763
hex	43196401	NF-PM1	2011-09-03 01:44	18.1	B1=260000, B2=5265000	1.1790
hex	43244329	NF-PM1	2011-09-03 01:33	18.1	B1=260000, B2=5265000	1.1790
hex	43159097	NF-PM1	2011-09-02 13:53	17.6	B1=260000, B2=5265000	1.1790
kurlytop	1930543	NF-PM1	2011-09-02 13:34	2.7	B1=1000000, B2=30000000	0.2029
hex	43196987	NF-PM1	2011-09-02 13:34	17.6	B1=260000, B2=5265000	1.1790
kurlytop	1930493	NF-PM1	2011-09-02 09:54	2.5	B1=1000000, B2=30000000	0.2029
hex	56741561	NF-PM1	2011-09-02 09:02	12.3	B1=680000, B2=20400000	5.3916
kurlytop	1930483	F-PM1	2011-09-02 06:13	2.4	29108294676232504583	0.2029
kk	45034487	NF-PM1	2011-09-02 04:18	16.0	B1=270000, B2=5062500	1.3370
kurlytop	1930447	NF-PM1	2011-09-02 02:27	2.2	B1=1000000, B2=30000000	0.2029
hex	43157047	NF-PM1	2011-09-02 02:01	17.2	B1=260000, B2=5265000	1.1790
hex	43182641	F-PM1	2011-09-02 01:33	17.1	1618497585643885021625551	1.1790
kurlytop	1930427	NF-PM1	2011-09-01 22:46	2.1	B1=1000000, B2=30000000	0.2029
hex	43087727	NF-PM1	2011-09-01 13:50	16.6	B1=260000, B2=5265000	1.1385
hex	33226411	C	2011-09-01 13:41	51.5	CE49E8ADB36927__	37.7489
hex	43157197	NF-PM1	2011-09-01 13:30	16.6	B1=240000, B2=4560000	1.0521
kurlytop	1930297	F-PM1	2011-09-01 11:32	1.6	2273429914570651406777	0.2029
hex	1920889	NF-PM1	2011-09-01 09:22	1.5	B1=1000000, B2=30000000	0.2029
hex	1920859	NF-PM1	2011-09-01 07:57	1.4	B1=1000000, B2=30000000	0.2029
kurlytop	1930309	NF-PM1	2011-09-01 07:51	1.5	B1=1000000, B2=30000000	0.2029
hex	1920817	NF-PM1	2011-09-01 06:18	1.4	B1=1000000, B2=30000000	0.2029
hex	1920761	NF-PM1	2011-09-01 04:53	1.3	B1=1000000, B2=30000000	0.2029
kurlytop	1930351	NF-PM1	2011-09-01 04:09	1.3	B1=1000000, B2=30000000	0.2029
hex	1920731	NF-PM1	2011-09-01 03:29	1.2	B1=1000000, B2=30000000	0.2029
hex	43149371	NF-PM1	2011-09-01 02:45	16.2	B1=260000, B2=5265000	1.1790
hex	1920679	NF-PM1	2011-09-01 01:52	1.2	B1=1000000, B2=30000000	0.2029
hex	43009067	NF-PM1	2011-09-01 01:02	16.1	B1=255000, B2=5227500	1.1240
hex	1920551	F-PM1	2011-09-01 00:29	1.1	5716484428719710839388801	0.2029
kurlytop	1930289	NF-PM1	2011-09-01 00:24	1.2	B1=1000000, B2=30000000	0.2029
hex	1920521	NF-PM1	2011-08-31 23:05	1.1	B1=1000000, B2=30000000	0.2029
hex	1920433	NF-PM1	2011-08-31 19:07	0.9	B1=1000000, B2=30000000	0.2029
hex	1920403	NF-PM1	2011-08-31 17:40	0.8	B1=1000000, B2=30000000	0.2029
hex	1920397	NF-PM1	2011-08-31 16:14	0.8	B1=1000000, B2=30000000	0.2029
hex	1920383	NF-PM1	2011-08-31 14:35	0.7	B1=1000000, B2=30000000	0.2029
hex	1920283	NF-PM1	2011-08-31 13:11	0.7	B1=1000000, B2=30000000	0.2029
kurlytop	1930261	NF-PM1	2011-08-31 12:24	0.7	B1=1000000, B2=30000000	0.2029
hex	43060867	NF-PM1	2011-08-31 12:15	15.6	B1=260000, B2=5265000	1.1385
hex	1920203	NF-PM1	2011-08-31 11:46	0.6	B1=1000000, B2=30000000	0.2029
hex	42982073	NF-PM1	2011-08-31 10:27	15.5	B1=255000, B2=5227500	1.1240
hex	1920187	F-PM1	2011-08-31 10:21	0.5	7721876349111158464567	0.2029
hex	1920173	NF-PM1	2011-08-31 08:56	0.5	B1=1000000, B2=30000000	0.2029
kurlytop	1930177	NF-PM1	2011-08-31 08:43	0.5	B1=1000000, B2=30000000	0.2029
hex	1920143	NF-PM1	2011-08-31 07:31	0.4	B1=1000000, B2=30000000	0.2029
kurlytop	1930147	NF-PM1	2011-08-31 04:50	0.3	B1=1000000, B2=30000000	0.2029
hex	1920101	NF-PM1	2011-08-31 01:32	0.2	B1=1000000, B2=30000000	0.2029
kurlytop	1930139	NF-PM1	2011-08-31 00:50	0.2	B1=1000000, B2=30000000	0.2029
hex	1920049	NF-PM1	2011-08-31 00:07	0.1	B1=1000000, B2=30000000	0.2029
hex	1919959	NF-PM1	2011-08-30 22:43	0.0	B1=1000000, B2=30000000	0.2029
hex	57212377	NF-PM1	2011-08-30 21:16	11.6	B1=685000, B2=20550000	5.4313
hex	42987629	F-PM1	2011-08-30 19:32	14.9	62267797475504699341714151	1.1240
hex	42805387	NF-PM1	2011-08-30 18:02	14.8	B1=255000, B2=5227500	1.1240
kurlytop	41203697	NF-PM1	2011-08-30 11:46	3.5	B1=260000, B2=5395000	1.1947
hex	42923029	NF-PM1	2011-08-30 07:18	14.4	B1=255000, B2=5227500	1.1240
hex	42749717	NF-PM1	2011-08-30 05:50	14.3	B1=255000, B2=5163750	1.1166
kk	45007199	NF-PM1	2011-08-30 04:38	13.0	B1=270000, B2=5062500	1.3370
hex	42765967	NF-PM1	2011-08-27 17:31	11.8	B1=255000, B2=5227500	1.1240
hex	42551057	NF-PM1	2011-08-27 16:50	11.8	B1=255000, B2=5163750	1.1166
slice	43034881	NF-PM1	2011-08-27 10:08	21.5	B1=255000, B2=4845000	1.2715
kurlytop	42084193	NF-PM1	2011-08-27 07:12	19.4	B1=250000, B2=4812500	1.1035
hex	42617789	NF-PM1	2011-08-27 05:30	11.3	B1=255000, B2=5163750	1.1166
hex	42492823	NF-PM1	2011-08-27 04:33	11.2	B1=255000, B2=5163750	1.1166
hex	42509381	NF-PM1	2011-08-26 18:09	10.8	B1=255000, B2=5163750	1.1166
hex	42433553	NF-PM1	2011-08-26 16:56	10.8	B1=255000, B2=5100000	1.1092
slice	1916351	NF-PM1	2011-08-26 15:15	39.6	B1=1000000, B2=30000000	0.2029
hex	1916881	NF-PM1	2011-08-26 14:29	39.6	B1=1000000, B2=30000000	0.2029
hex	1916917	NF-PM1	2011-08-26 14:25	39.6	B1=1000000, B2=30000000	0.2029
hex	1916773	NF-PM1	2011-08-26 13:00	39.5	B1=1000000, B2=30000000	0.2029
hex	1916833	NF-PM1	2011-08-26 12:57	39.5	B1=1000000, B2=30000000	0.2029
hex	1916737	NF-PM1	2011-08-26 11:31	39.5	B1=1000000, B2=30000000	0.2029
hex	1916749	NF-PM1	2011-08-26 11:28	39.5	B1=1000000, B2=30000000	0.2029
hex	1916653	F-PM1	2011-08-26 10:04	39.4	64592865499784507023	0.2029
hex	1916689	NF-PM1	2011-08-26 10:01	39.4	B1=1000000, B2=30000000	0.2029
hex	1916617	NF-PM1	2011-08-26 08:38	39.3	B1=1000000, B2=30000000	0.2029
hex	1916641	NF-PM1	2011-08-26 08:35	39.3	B1=1000000, B2=30000000	0.2029
hex	1916953	NF-PM1	2011-08-26 07:41	39.3	B1=1000000, B2=30000000	0.2029
hex	1916531	NF-PM1	2011-08-26 07:12	39.3	B1=1000000, B2=30000000	0.2029
hex	1916599	NF-PM1	2011-08-26 07:09	39.3	B1=1000000, B2=30000000	0.2029
hex	1916921	NF-PM1	2011-08-26 07:05	39.3	B1=1000000, B2=30000000	0.2029
hex	57212299	NF-PM1	2011-08-26 06:11	7.0	B1=685000, B2=20550000	5.4313
hex	1917059	NF-PM1	2011-08-26 05:43	39.2	B1=1000000, B2=30000000	0.2029
hex	1916423	NF-PM1	2011-08-26 05:34	39.2	B1=1000000, B2=30000000	0.2029
hex	1916363	NF-PM1	2011-08-26 05:33	39.2	B1=1000000, B2=30000000	0.2029
hex	42491083	NF-PM1	2011-08-26 05:31	10.3	B1=255000, B2=5163750	1.1166
hex	42319799	NF-PM1	2011-08-26 04:07	10.2	B1=255000, B2=5100000	1.1092
slice	1916333	F-PM1	2011-08-26 01:01	39.0	38966463773672995759	0.2029
hex	42347989	NF-PM1	2011-08-25 17:43	9.8	B1=255000, B2=5100000	1.1092
hex	42177563	NF-PM1	2011-08-25 16:20	9.8	B1=255000, B2=5100000	1.1092
kurlytop	42002791	NF-PM1	2011-08-25 11:00	17.6	B1=250000, B2=4812500	1.1035
hex	42248617	NF-PM1	2011-08-25 06:16	9.3	B1=255000, B2=5100000	1.1092
kk	45013567	NF-PM1	2011-08-25 05:48	44.0	B1=270000, B2=5062500	1.3370
hex	41735387	NF-PM1	2011-08-25 04:35	17.3	B1=250000, B2=5062500	1.0947
slice	1916309	NF-PM1	2011-08-25 01:03	38.0	B1=1000000, B2=30000000	0.2029
hex	41834129	NF-PM1	2011-08-24 18:54	16.9	B1=250000, B2=5062500	1.0947
hex	41658373	NF-PM1	2011-08-24 16:30	16.8	B1=250000, B2=5000000	1.0874
hex	41688343	NF-PM1	2011-08-24 07:52	16.4	B1=250000, B2=5000000	1.0874
hex	41959471	NF-PM1	2011-08-24 05:38	20.6	B1=270000, B2=5872500	1.2294
hex	42657257	NF-PM1	2011-08-24 02:36	2.2	B1=255000, B2=5163750	1.1166
slice	1916293	NF-PM1	2011-08-24 02:12	37.1	B1=1000000, B2=30000000	0.2029
kurlytop	41928121	F-PM1	2011-08-23 22:41	18.0	864857031436098955103	1.1035
hex	41905537	NF-PM1	2011-08-23 20:43	20.2	B1=250000, B2=5062500	1.0947
hex	41902307	NF-PM1	2011-08-23 16:41	20.0	B1=270000, B2=5872500	1.2294
hex	57212251	NF-PM1	2011-08-23 15:19	4.4	B1=685000, B2=20550000	5.4313
slice	1916287	NF-PM1	2011-08-23 11:53	36.5	B1=1000000, B2=30000000	0.2029
hex	41901287	NF-PM1	2011-08-23 09:36	19.8	B1=270000, B2=5872500	1.2294
hex	41860499	NF-PM1	2011-08-23 03:46	19.5	B1=270000, B2=5872500	1.2294
slice	1916249	NF-PM1	2011-08-22 21:42	35.9	B1=1000000, B2=30000000	0.2029
hex	41729641	NF-PM1	2011-08-22 19:45	19.2	B1=250000, B2=5062500	1.0947
hex	41856641	NF-PM1	2011-08-22 14:51	19.0	B1=270000, B2=5872500	1.2294
hex	41758583	NF-PM1	2011-08-22 08:39	18.7	B1=265000, B2=5830000	1.2144
slice	1916183	NF-PM1	2011-08-22 07:32	35.3	B1=1000000, B2=30000000	0.2029
kk	45039131	NF-PM1	2011-08-22 06:09	41.1	B1=270000, B2=5062500	1.3370
kurlytop	44888323	NF-PM1	2011-08-22 02:48	0.0	B1=115000, B2=1811250	0.4827
hex	41808127	NF-PM1	2011-08-22 02:00	18.5	B1=265000, B2=5830000	1.2144
hex	41724629	NF-PM1	2011-08-21 19:25	18.2	B1=265000, B2=5830000	1.2144
slice	43042427	NF-PM1	2011-08-21 17:15	15.8	B1=255000, B2=4845000	1.2715
slice	1916179	NF-PM1	2011-08-21 17:13	34.7	B1=1000000, B2=30000000	0.2029
kurlytop	44813689	NF-PM1	2011-08-21 13:41	0.0	B1=115000, B2=1811250	0.4827
hex	41758687	NF-PM1	2011-08-21 13:17	17.9	B1=265000, B2=5830000	1.2144
hex	57212237	NF-PM1	2011-08-21 13:02	2.3	B1=685000, B2=20550000	5.4313
hex	44857121	NF-PM1	2011-08-21 10:18	1.4	B1=540000, B2=14850000	3.0712
hex	41699461	NF-PM1	2011-08-21 06:37	17.6	B1=265000, B2=5830000	1.2144
slice	1916147	NF-PM1	2011-08-21 02:08	34.1	B1=1000000, B2=30000000	0.2029
kurlytop	44813737	NF-PM1	2011-08-21 01:12	0.0	B1=115000, B2=1811250	0.4827
hex	41719009	NF-PM1	2011-08-20 23:23	17.3	B1=265000, B2=5830000	1.2144
hex	41557291	NF-PM1	2011-08-20 17:13	17.1	B1=265000, B2=5697500	1.1989
kurlytop	44989033	NF-PM1	2011-08-20 12:58	0.0	B1=105000, B2=1548750	0.4274
hex	44963353	NF-PM1	2011-08-20 11:44	0.0	B1=115000, B2=1868750	0.4900
hex	41645897	NF-PM1	2011-08-20 09:59	16.8	B1=265000, B2=5830000	1.2144
slice	1916021	NF-PM1	2011-08-20 08:41	33.3	B1=1000000, B2=30000000	0.2029
Manual testing	40660811	F-PM1	2011-08-20 08:27	5.3	490782599517282826471	2.0139
hex	41529821	NF-PM1	2011-08-20 03:03	16.5	B1=265000, B2=5697500	1.1989
hex	41608331	NF-PM1	2011-08-19 19:20	16.2	B1=265000, B2=5697500	1.1989
hex	25172659	C	2011-08-19 18:34	55.5	B12F75A2CB6FA9__	21.5716
slice	1915961	F-PM1	2011-08-19 16:18	32.7	329973714006856606487	0.2029
hex	41463551	NF-PM1	2011-08-19 13:32	15.9	B1=265000, B2=5697500	1.1989
kk	45040001	NF-PM1	2011-08-19 06:29	38.1	B1=270000, B2=5062500	1.3370
hex	41690471	F-PM1	2011-08-19 06:09	15.6	354255793307315792023657	1.2144
slice	1915931	NF-PM1	2011-08-18 23:56	32.0	B1=1000000, B2=30000000	0.2029
hex	41458853	NF-PM1	2011-08-18 22:22	15.3	B1=265000, B2=5697500	1.1989
kurlytop	41612251	NF-PM1	2011-08-18 15:46	12.7	B1=245000, B2=4716250	1.0814
hex	44493517	NF-PM1	2011-08-18 14:45	0.0	B1=245000, B2=4900000	1.1604
hex	39815653	NF-PM1	2011-08-18 13:37	0.5	B1=250000, B2=5437500	1.1384
hex	44491903	NF-PM1	2011-08-18 09:51	0.0	B1=245000, B2=4900000	1.1604
slice	1915843	NF-PM1	2011-08-18 09:09	31.4	B1=1000000, B2=30000000	0.2029
hex	41407001	F-PM1	2011-08-18 03:04	14.5	1855353611321596939199	1.1989
hex	42926021	NF-PM1	2011-08-17 21:37	18.5	B1=255000, B2=5227500	1.1240
slice	1915813	F-PM1	2011-08-17 18:44	30.8	111915272080012696417	0.0787
hex	41397847	NF-PM1	2011-08-17 13:57	13.9	B1=265000, B2=5697500	1.1989
slice	1915777	NF-PM1	2011-08-17 13:45	30.5	B1=1000000, B2=30000000	0.2029
hex	44214133	NF-PM1	2011-08-17 09:46	0.0	B1=510000, B2=12877500	2.6201
hex	44575331	NF-PM1	2011-08-17 00:46	0.0	B1=245000, B2=4900000	1.1604
slice	1915759	NF-PM1	2011-08-16 23:16	30.0	B1=1000000, B2=30000000	0.2029
hex	44562041	NF-PM1	2011-08-16 08:42	0.0	B1=245000, B2=4900000	1.1604
slice	1915757	NF-PM1	2011-08-16 05:13	29.2	B1=1000000, B2=30000000	0.2029
slice	41444581	NF-PM1	2011-08-16 05:12	19.1	B1=245000, B2=4655000	1.2216
kurlytop	41540237	NF-PM1	2011-08-16 02:21	10.1	B1=245000, B2=4716250	1.0814
hex	42850259	NF-PM1	2011-08-16 01:46	16.7	B1=255000, B2=5227500	1.1240
kk	45006989	NF-PM1	2011-08-16 01:13	34.9	B1=270000, B2=5062500	1.3370
hex	44508263	NF-PM1	2011-08-15 21:07	14.8	B1=270000, B2=5467500	1.2874
hex	42814531	NF-PM1	2011-08-15 13:34	16.2	B1=255000, B2=5227500	1.1240
slice	1915733	NF-PM1	2011-08-15 12:45	28.5	B1=1000000, B2=30000000	0.2029
hex	41821267	NF-PM1	2011-08-15 10:54	0.5	B1=265000, B2=5830000	1.2144
hex	42969881	NF-PM1	2011-08-15 08:47	16.0	B1=255000, B2=5227500	1.1240
hex	42704971	NF-PM1	2011-08-15 01:54	15.7	B1=255000, B2=5163750	1.1166
slice	1915729	NF-PM1	2011-08-14 21:44	27.9	B1=1000000, B2=30000000	0.2029
hex	42888919	NF-PM1	2011-08-14 21:06	15.5	B1=255000, B2=5227500	1.1240
hex	42679993	NF-PM1	2011-08-14 14:35	15.2	B1=255000, B2=5163750	1.1166
hex	42823997	NF-PM1	2011-08-14 09:35	15.0	B1=275000, B2=5981250	1.2522
hex	42535369	NF-PM1	2011-08-14 03:32	14.8	B1=255000, B2=5163750	1.1166
hex	42775387	NF-PM1	2011-08-13 20:06	14.5	B1=255000, B2=5227500	1.1240
hex	42467839	NF-PM1	2011-08-13 16:24	14.3	B1=255000, B2=5163750	1.1166
slice	1915687	NF-PM1	2011-08-13 12:45	26.5	B1=1000000, B2=30000000	0.2029
hex	42701563	NF-PM1	2011-08-13 08:26	14.0	B1=270000, B2=5940000	1.2373
hex	42288773	NF-PM1	2011-08-13 05:17	13.9	B1=255000, B2=5100000	1.1092
kk	45005713	NF-PM1	2011-08-13 01:35	31.9	B1=270000, B2=5062500	1.3370
slice	1915609	NF-PM1	2011-08-12 22:39	25.9	B1=1000000, B2=30000000	0.2029
hex	42653521	NF-PM1	2011-08-12 19:31	13.5	B1=255000, B2=5163750	1.1166
hex	33224797	C	2011-08-12 18:40	31.7	3169B344F2A337__	37.7471
hex	42156091	NF-PM1	2011-08-12 18:09	13.4	B1=255000, B2=5100000	1.1092
slice	1915567	NF-PM1	2011-08-12 08:27	25.3	B1=1000000, B2=30000000	0.2029
hex	42493573	NF-PM1	2011-08-12 08:10	13.0	B1=255000, B2=5163750	1.1166
hex	42039293	NF-PM1	2011-08-12 06:56	12.9	B1=250000, B2=5062500	1.0947
kurlytop	1913957	NF-PM1	2011-08-12 01:58	25.0	B1=1000000, B2=30000000	0.2029
kurlytop	1913903	NF-PM1	2011-08-11 22:16	24.9	B1=1000000, B2=30000000	0.2029
hex	42329941	NF-PM1	2011-08-11 20:49	12.5	B1=255000, B2=5100000	1.1092
hex	41557601	NF-PM1	2011-08-11 19:53	44.7	B1=265000, B2=5697500	1.1989
slice	1915517	NF-PM1	2011-08-11 18:19	24.8	B1=1000000, B2=30000000	0.2029
kurlytop	1913867	NF-PM1	2011-08-11 10:24	24.4	B1=1000000, B2=30000000	0.2029
hex	42240103	NF-PM1	2011-08-11 09:30	12.0	B1=255000, B2=5100000	1.1092
hex	41528719	NF-PM1	2011-08-11 07:33	44.2	B1=265000, B2=5697500	1.1989
kurlytop	1913833	F-PM1	2011-08-11 06:43	24.2	47102856788087354767	0.0787
kurlytop	1913831	NF-PM1	2011-08-11 05:08	24.2	B1=1000000, B2=30000000	0.2029
slice	1915499	NF-PM1	2011-08-11 04:05	24.2	B1=1000000, B2=30000000	0.2029
slice	41594929	NF-PM1	2011-08-11 02:35	44.0	B1=265000, B2=5300000	1.3577
kurlytop	1913803	NF-PM1	2011-08-11 01:19	24.0	B1=1000000, B2=30000000	0.2029
hex	42101329	NF-PM1	2011-08-10 22:15	11.6	B1=250000, B2=5062500	1.0947
hex	41587367	NF-PM1	2011-08-10 20:25	43.8	B1=265000, B2=5697500	1.1989
hex	24574313	C	2011-08-10 12:13	36.5	010D7CD46F76DC__	19.9325
hex	41407637	NF-PM1	2011-08-10 11:10	43.4	B1=265000, B2=5697500	1.1989
hex	41430119	NF-PM1	2011-08-10 06:59	43.2	B1=265000, B2=5697500	1.1989
slice	1915483	NF-PM1	2011-08-10 04:42	23.2	B1=1000000, B2=30000000	0.2029
kk	45002747	NF-PM1	2011-08-10 01:59	28.9	B1=270000, B2=5062500	1.3370
kurlytop	1913789	NF-PM1	2011-08-10 00:06	23.0	B1=1000000, B2=30000000	0.2029
hex	41405963	NF-PM1	2011-08-09 22:35	42.8	B1=265000, B2=5697500	1.1989
hex	41437441	NF-PM1	2011-08-09 16:28	42.6	B1=265000, B2=5697500	1.1989
slice	1915481	NF-PM1	2011-08-09 13:31	22.5	B1=1000000, B2=30000000	0.2029
hex	41492111	NF-PM1	2011-08-09 10:04	42.3	B1=265000, B2=5697500	1.1989
kurlytop	1913719	NF-PM1	2011-08-09 03:36	22.1	B1=1000000, B2=30000000	0.2029
hex	41445389	NF-PM1	2011-08-09 01:21	42.0	B1=265000, B2=5697500	1.1989
slice	1915471	NF-PM1	2011-08-08 22:05	21.9	B1=1000000, B2=30000000	0.2029
hex	41483389	NF-PM1	2011-08-08 16:09	41.6	B1=265000, B2=5697500	1.1989
hex	41427517	NF-PM1	2011-08-08 14:19	21.6	B1=245000, B2=4961250	1.0728
hex	41469179	NF-PM1	2011-08-08 13:11	41.5	B1=265000, B2=5697500	1.1989
kurlytop	1913701	NF-PM1	2011-08-08 03:29	21.1	B1=1000000, B2=30000000	0.2029
hex	42291653	C	2011-08-08 03:27	89.1	2D631D3CCAD8DF__	62.3361
hex	41463479	NF-PM1	2011-08-08 03:00	41.0	B1=265000, B2=5697500	1.1989
slice	1915411	NF-PM1	2011-08-08 01:23	21.0	B1=1000000, B2=30000000	0.2029
kurlytop	1913641	F-PM1	2011-08-07 23:28	21.0	23060409744906591001393	0.0787
kurlytop	1913581	NF-PM1	2011-08-07 21:51	20.9	B1=1000000, B2=30000000	0.2029
hex	42594803	NF-PM1	2011-08-07 19:37	20.8	B1=255000, B2=5163750	1.1166
hex	41451119	NF-PM1	2011-08-07 15:36	40.5	B1=265000, B2=5697500	1.1989
slice	1915399	NF-PM1	2011-08-07 11:16	20.5	B1=1000000, B2=30000000	0.2029
hex	42971183	F-PM1	2011-08-07 08:52	33.4	11929653506768007389567	1.1240
hex	1913959	NF-PM1	2011-08-07 08:44	20.3	B1=1000000, B2=30000000	0.2029
kurlytop	1913551	NF-PM1	2011-08-07 05:00	20.2	B1=1000000, B2=30000000	0.2029
hex	1917101	NF-PM1	2011-08-07 03:41	20.1	B1=1000000, B2=30000000	0.2029
kk	45001001	NF-PM1	2011-08-07 02:28	25.9	B1=270000, B2=5062500	1.3370
hex	42544031	NF-PM1	2011-08-07 01:18	20.0	B1=255000, B2=5163750	1.1166
kurlytop	1913497	NF-PM1	2011-08-07 01:14	20.0	B1=1000000, B2=30000000	0.2029
hex	42930539	NF-PM1	2011-08-06 21:47	33.0	B1=255000, B2=5227500	1.1240
kurlytop	1913437	NF-PM1	2011-08-06 21:29	19.9	B1=1000000, B2=30000000	0.2029
slice	1915307	NF-PM1	2011-08-06 20:53	19.8	B1=1000000, B2=30000000	0.2029
kurlytop	1913419	NF-PM1	2011-08-06 17:49	19.7	B1=1000000, B2=30000000	0.2029
hex	42530989	NF-PM1	2011-08-06 14:48	19.6	B1=255000, B2=5163750	1.1166
kurlytop	1913389	NF-PM1	2011-08-06 14:09	19.6	B1=1000000, B2=30000000	0.2029
hex	42898811	NF-PM1	2011-08-06 10:44	32.5	B1=255000, B2=5227500	1.1240
kurlytop	1913341	F-PM1	2011-08-06 10:29	19.4	212462300676969807047	0.0787
kurlytop	1913297	NF-PM1	2011-08-06 08:56	19.3	B1=1000000, B2=30000000	0.2029
slice	1915253	F-PM1	2011-08-06 06:47	19.2	7545594614623018822559	0.2029
kurlytop	1913293	NF-PM1	2011-08-06 05:12	19.2	B1=1000000, B2=30000000	0.2029
hex	42982211	NF-PM1	2011-08-06 04:17	32.2	B1=255000, B2=5227500	1.1240
kurlytop	1913273	NF-PM1	2011-08-06 01:27	19.0	B1=1000000, B2=30000000	0.2029
hex	42851293	NF-PM1	2011-08-05 23:51	32.0	B1=255000, B2=5227500	1.1240
hex	42948811	NF-PM1	2011-08-05 17:07	31.8	B1=255000, B2=5227500	1.1240
slice	1915229	NF-PM1	2011-08-05 16:26	18.7	B1=1000000, B2=30000000	0.2029
kurlytop	1913251	NF-PM1	2011-08-05 14:09	18.6	B1=1000000, B2=30000000	0.2029
hex	42825611	NF-PM1	2011-08-05 12:25	31.6	B1=255000, B2=5227500	1.1240
slice	41565659	NF-PM1	2011-08-05 11:20	38.4	B1=265000, B2=5300000	1.3577
hex	42898813	NF-PM1	2011-08-05 05:27	31.3	B1=255000, B2=5227500	1.1240
kurlytop	1913213	F-PM1	2011-08-05 02:22	18.1	31267385337754745929	0.2029
slice	1915223	NF-PM1	2011-08-05 00:45	18.0	B1=1000000, B2=30000000	0.2029
hex	42783467	NF-PM1	2011-08-05 00:03	31.1	B1=255000, B2=5227500	1.1240
kurlytop	1913201	NF-PM1	2011-08-04 22:38	17.9	B1=1000000, B2=30000000	0.2029
kurlytop	1913123	NF-PM1	2011-08-04 18:52	17.8	B1=1000000, B2=30000000	0.2029
hex	42883579	NF-PM1	2011-08-04 18:33	30.8	B1=255000, B2=5227500	1.1240
hex	42712669	NF-PM1	2011-08-04 12:29	30.6	B1=255000, B2=5163750	1.1166
hex	42846977	NF-PM1	2011-08-04 06:58	30.3	B1=255000, B2=5227500	1.1240
kk	45078529	NF-PM1	2011-08-04 02:57	22.9	B1=250000, B2=4437500	1.2037
kurlytop	1913099	NF-PM1	2011-08-04 01:29	17.0	B1=1000000, B2=30000000	0.2029
slice	1915213	NF-PM1	2011-08-04 01:26	17.0	B1=1000000, B2=30000000	0.2029
hex	42687679	NF-PM1	2011-08-04 01:17	30.1	B1=255000, B2=5163750	1.1166
hex	42783469	NF-PM1	2011-08-03 19:24	29.9	B1=255000, B2=5227500	1.1240
hex	42659179	NF-PM1	2011-08-03 13:58	29.6	B1=255000, B2=5163750	1.1166
slice	1915201	NF-PM1	2011-08-03 09:37	16.4	B1=1000000, B2=30000000	0.2029
hex	42735799	NF-PM1	2011-08-03 07:23	29.4	B1=255000, B2=5163750	1.1166
kurlytop	1913039	NF-PM1	2011-08-03 03:02	16.1	B1=1000000, B2=30000000	0.2029
hex	42554641	NF-PM1	2011-08-03 02:53	29.2	B1=255000, B2=5163750	1.1166
hex	42703153	NF-PM1	2011-08-02 20:08	28.9	B1=255000, B2=5163750	1.1166
hex	44918201	NF-PM1	2011-08-02 15:44	1.5	B1=585000, B2=16380000	3.3642
slice	1915099	NF-PM1	2011-08-02 12:43	15.5	B1=1000000, B2=30000000	0.2029
hex	44797411	NF-PM1	2011-08-02 10:19	0.0	B1=245000, B2=4900000	1.1604
kurlytop	1912969	NF-PM1	2011-08-02 09:59	15.4	B1=1000000, B2=30000000	0.2029
hex	42679753	NF-PM1	2011-08-02 08:41	28.4	B1=255000, B2=5163750	1.1166
kurlytop	1912949	NF-PM1	2011-08-02 06:16	15.2	B1=1000000, B2=30000000	0.2029
kurlytop	1912943	NF-PM1	2011-08-02 02:29	15.1	B1=1000000, B2=30000000	0.2029
kurlytop	1912913	NF-PM1	2011-08-01 22:42	14.9	B1=1000000, B2=30000000	0.2029
slice	1915051	NF-PM1	2011-08-01 22:28	14.9	B1=1000000, B2=30000000	0.2029
hex	42574283	NF-PM1	2011-08-01 14:08	27.7	B1=255000, B2=5163750	1.1166
kk	45057829	NF-PM1	2011-08-01 10:19	20.2	B1=250000, B2=4437500	1.2037
kurlytop	1912903	NF-PM1	2011-08-01 10:14	14.4	B1=1000000, B2=30000000	0.2029
slice	1915031	NF-PM1	2011-08-01 08:19	14.3	B1=1000000, B2=30000000	0.2029
hex	42510313	NF-PM1	2011-08-01 06:55	27.3	B1=255000, B2=5163750	1.1166
kurlytop	1912843	NF-PM1	2011-08-01 06:32	14.2	B1=1000000, B2=30000000	0.2029
kurlytop	1912829	NF-PM1	2011-08-01 02:44	14.1	B1=1000000, B2=30000000	0.2029
hex	24871387	C	2011-08-01 01:44	43.0	8952E42787DE04__	20.1735
hex	42532327	NF-PM1	2011-08-01 00:26	27.1	B1=255000, B2=5163750	1.1166
kurlytop	1912763	NF-PM1	2011-07-31 22:55	13.9	B1=1000000, B2=30000000	0.2029
hex	1914503	NF-PM1	2011-07-31 20:18	13.8	B1=1000000, B2=30000000	0.2029
hex	42469051	NF-PM1	2011-07-31 19:13	26.9	B1=255000, B2=5163750	1.1166
kurlytop	1912733	NF-PM1	2011-07-31 19:09	13.8	B1=1000000, B2=30000000	0.2029
hex	1914481	NF-PM1	2011-07-31 18:54	13.8	B1=1000000, B2=30000000	0.2029
slice	1915019	NF-PM1	2011-07-31 18:14	13.8	B1=1000000, B2=30000000	0.2029
hex	1914469	NF-PM1	2011-07-31 17:30	13.7	B1=1000000, B2=30000000	0.2029
hex	1914457	NF-PM1	2011-07-31 16:06	13.7	B1=1000000, B2=30000000	0.2029
kurlytop	1912661	NF-PM1	2011-07-31 15:27	13.6	B1=1000000, B2=30000000	0.2029
hex	1914439	NF-PM1	2011-07-31 14:42	13.6	B1=1000000, B2=30000000	0.2029
hex	42475613	NF-PM1	2011-07-31 13:28	26.6	B1=255000, B2=5163750	1.1166
hex	1914433	NF-PM1	2011-07-31 13:17	13.5	B1=1000000, B2=30000000	0.2029
hex	1914389	NF-PM1	2011-07-31 11:54	13.5	B1=1000000, B2=30000000	0.2029
kurlytop	1912639	NF-PM1	2011-07-31 11:45	13.5	B1=1000000, B2=30000000	0.2029
hex	1914361	NF-PM1	2011-07-31 10:30	13.4	B1=1000000, B2=30000000	0.2029
hex	1914259	NF-PM1	2011-07-31 09:06	13.4	B1=1000000, B2=30000000	0.2029
hex	42336113	NF-PM1	2011-07-31 08:18	26.4	B1=255000, B2=5100000	1.1092
kurlytop	1912633	NF-PM1	2011-07-31 08:01	13.3	B1=1000000, B2=30000000	0.2029
hex	1914239	NF-PM1	2011-07-31 07:42	13.3	B1=1000000, B2=30000000	0.2029
hex	1914163	NF-PM1	2011-07-31 06:18	13.2	B1=1000000, B2=30000000	0.2029
hex	1914103	NF-PM1	2011-07-31 04:54	13.2	B1=1000000, B2=30000000	0.2029
kurlytop	1912613	NF-PM1	2011-07-31 04:14	13.2	B1=1000000, B2=30000000	0.2029
slice	1914971	NF-PM1	2011-07-31 04:02	13.2	B1=1000000, B2=30000000	0.2029
hex	1914097	NF-PM1	2011-07-31 03:31	13.1	B1=1000000, B2=30000000	0.2029
hex	42375601	NF-PM1	2011-07-31 02:22	26.2	B1=255000, B2=5100000	1.1092
hex	1914061	NF-PM1	2011-07-31 02:06	13.1	B1=1000000, B2=30000000	0.2029
hex	1914001	F-PM1	2011-07-31 00:42	13.0	159566960302095263246569	0.2029
kurlytop	1912513	NF-PM1	2011-07-31 00:20	13.0	B1=1000000, B2=30000000	0.2029
hex	1913999	NF-PM1	2011-07-30 23:17	13.0	B1=1000000, B2=30000000	0.2029
hex	42298253	NF-PM1	2011-07-30 21:26	26.0	B1=255000, B2=5100000	1.1092
kurlytop	1912489	NF-PM1	2011-07-30 20:31	12.8	B1=1000000, B2=30000000	0.2029
slice	41535271	NF-PM1	2011-07-30 19:48	32.7	B1=265000, B2=5300000	1.3577
kurlytop	1912459	NF-PM1	2011-07-30 16:48	12.7	B1=1000000, B2=30000000	0.2029
hex	42326587	NF-PM1	2011-07-30 15:12	25.7	B1=255000, B2=5100000	1.1092
slice	1914967	NF-PM1	2011-07-30 13:32	12.5	B1=1000000, B2=30000000	0.2029
kurlytop	1912457	NF-PM1	2011-07-30 13:07	12.5	B1=1000000, B2=30000000	0.2029
hex	42243953	NF-PM1	2011-07-30 10:43	25.5	B1=255000, B2=5100000	1.1092
kurlytop	1912451	NF-PM1	2011-07-30 09:23	12.4	B1=1000000, B2=30000000	0.2029
hex	40622063	NF-PM1	2011-07-30 08:37	0.5	B1=260000, B2=5590000	1.1763
kurlytop	1912357	NF-PM1	2011-07-30 05:29	12.2	B1=1000000, B2=30000000	0.2029
hex	42256187	NF-PM1	2011-07-30 04:29	25.2	B1=255000, B2=5100000	1.1092
hex	42186013	NF-PM1	2011-07-29 23:17	25.0	B1=255000, B2=5100000	1.1092
slice	1914961	NF-PM1	2011-07-29 22:26	11.9	B1=1000000, B2=30000000	0.2029
kk	45000419	NF-PM1	2011-07-29 17:42	17.5	B1=250000, B2=4437500	1.2037
hex	42187331	NF-PM1	2011-07-29 17:37	24.8	B1=255000, B2=5100000	1.1092
hex	42112163	NF-PM1	2011-07-29 12:00	24.6	B1=250000, B2=5062500	1.0947
kurlytop	1912307	NF-PM1	2011-07-29 11:46	11.5	B1=1000000, B2=30000000	0.2029
kurlytop	1912121	NF-PM1	2011-07-29 08:04	11.3	B1=1000000, B2=30000000	0.2029
hex	42123379	NF-PM1	2011-07-29 06:10	24.3	B1=250000, B2=5062500	1.0947
kurlytop	1912069	NF-PM1	2011-07-29 04:20	11.2	B1=1000000, B2=30000000	0.2029
slice	1914923	NF-PM1	2011-07-29 02:36	11.1	B1=1000000, B2=30000000	0.2029
hex	42052721	NF-PM1	2011-07-29 00:49	24.1	B1=250000, B2=5062500	1.0947
kurlytop	1912061	NF-PM1	2011-07-29 00:36	11.0	B1=1000000, B2=30000000	0.2029
kurlytop	1911991	NF-PM1	2011-07-28 19:41	10.8	B1=1000000, B2=30000000	0.2029
hex	42098659	NF-PM1	2011-07-28 18:50	23.8	B1=250000, B2=5062500	1.0947
kurlytop	1911919	NF-PM1	2011-07-28 10:48	10.4	B1=1000000, B2=30000000	0.2029
hex	42007741	NF-PM1	2011-07-28 08:13	23.4	B1=250000, B2=5062500	1.0947
kurlytop	1911893	NF-PM1	2011-07-28 07:05	10.3	B1=1000000, B2=30000000	0.2029
kurlytop	1911857	NF-PM1	2011-07-28 03:17	10.1	B1=1000000, B2=30000000	0.2029
slice	1914853	NF-PM1	2011-07-28 00:41	10.0	B1=1000000, B2=30000000	0.2029
kurlytop	1911851	NF-PM1	2011-07-27 23:32	10.0	B1=1000000, B2=30000000	0.2029
hex	43956499	NF-PM1	2011-07-27 22:00	25.8	B1=265000, B2=5366250	1.2016
hex	43949249	NF-PM1	2011-07-27 21:24	25.8	B1=285000, B2=6412500	1.3697
kurlytop	1911839	NF-PM1	2011-07-27 12:28	9.5	B1=1000000, B2=30000000	0.2029
hex	49598711	NF-PM1	2011-07-27 09:44	32.2	B1=575000, B2=15093750	3.6286
slice	1914817	NF-PM1	2011-07-27 09:42	9.4	B1=1000000, B2=30000000	0.2029
kurlytop	1911617	NF-PM1	2011-07-27 08:48	9.3	B1=1000000, B2=30000000	0.2029
hex	49588087	NF-PM1	2011-07-27 08:07	32.2	B1=575000, B2=15093750	3.6286
kurlytop	1911607	NF-PM1	2011-07-27 05:06	9.2	B1=1000000, B2=30000000	0.2029
kk	44282879	NF-PM1	2011-07-27 01:03	31.0	B1=245000, B2=4226250	1.1628
hex	42868333	NF-PM1	2011-07-26 20:42	8.6	B1=255000, B2=5227500	1.1240
slice	1914791	NF-PM1	2011-07-26 19:34	8.8	B1=1000000, B2=30000000	0.2029
hex	33227521	C	2011-07-26 08:23	14.3	D4C6B4A94AFE48__	37.7502
slice	1914769	NF-PM1	2011-07-26 05:30	8.2	B1=1000000, B2=30000000	0.2029
hex	49524823	NF-PM1	2011-07-25 20:51	30.7	B1=575000, B2=14950000	3.6078
slice	1914767	NF-PM1	2011-07-25 15:31	7.6	B1=1000000, B2=30000000	0.2029
slice	41549239	NF-PM1	2011-07-25 01:29	27.0	B1=265000, B2=5300000	1.3577
kurlytop	1911529	NF-PM1	2011-07-25 00:35	7.0	B1=1000000, B2=30000000	0.2029
kurlytop	1911523	NF-PM1	2011-07-24 20:51	6.8	B1=1000000, B2=30000000	0.2029
hex	43904141	NF-PM1	2011-07-24 18:00	45.7	B1=535000, B2=14311250	2.8453
kurlytop	1911467	NF-PM1	2011-07-24 17:10	6.7	B1=1000000, B2=30000000	0.2029
kurlytop	1911439	NF-PM1	2011-07-24 13:28	6.5	B1=1000000, B2=30000000	0.2029
kk	44219191	NF-PM1	2011-07-24 10:29	28.3	B1=245000, B2=4226250	1.1628
kurlytop	1911433	NF-PM1	2011-07-24 09:47	6.4	B1=1000000, B2=30000000	0.2029
kurlytop	1911319	NF-PM1	2011-07-24 06:05	6.2	B1=1000000, B2=30000000	0.2029
hex	1925779	NF-PM1	2011-07-23 21:29	5.9	B1=1000000, B2=30000000	0.2029
hex	1925681	NF-PM1	2011-07-23 20:20	5.8	B1=1000000, B2=30000000	0.2029
hex	1925653	NF-PM1	2011-07-23 19:12	5.8	B1=1000000, B2=30000000	0.2029
hex	1925611	NF-PM1	2011-07-23 18:03	5.8	B1=1000000, B2=30000000	0.2029
hex	1925563	NF-PM1	2011-07-23 16:54	5.7	B1=1000000, B2=30000000	0.2029
hex	1925533	NF-PM1	2011-07-23 15:45	5.6	B1=1000000, B2=30000000	0.2029
hex	1925509	NF-PM1	2011-07-23 14:36	5.6	B1=1000000, B2=30000000	0.2029
hex	1925431	NF-PM1	2011-07-23 13:27	5.5	B1=1000000, B2=30000000	0.2029
hex	1925359	NF-PM1	2011-07-23 12:18	5.5	B1=1000000, B2=30000000	0.2029
hex	1925311	NF-PM1	2011-07-23 11:10	5.5	B1=1000000, B2=30000000	0.2029
hex	1925243	NF-PM1	2011-07-23 10:01	5.4	B1=1000000, B2=30000000	0.2029
hex	1925179	NF-PM1	2011-07-23 08:51	5.3	B1=1000000, B2=30000000	0.2029
hex	1925117	NF-PM1	2011-07-23 07:43	5.3	B1=1000000, B2=30000000	0.2029
hex	1925081	NF-PM1	2011-07-23 06:34	5.2	B1=1000000, B2=30000000	0.2029
hex	49520873	NF-PM1	2011-07-23 05:23	28.0	B1=575000, B2=14950000	3.6078
slice	1914739	NF-PM1	2011-07-23 04:39	5.2	B1=1000000, B2=30000000	0.2029
hex	49524869	NF-PM1	2011-07-22 14:15	27.4	B1=575000, B2=14950000	3.6078
slice	1914709	F-PM1	2011-07-22 10:20	4.4	350098815502049623798081	0.0787
slice	1914691	NF-PM1	2011-07-22 05:51	4.2	B1=1000000, B2=30000000	0.2029
kk	40164793	NF-PM1	2011-07-21 19:52	2.7	B1=255000, B2=5100000	0.9908
hex	49598761	NF-PM1	2011-07-21 19:42	26.6	B1=550000, B2=13337500	3.3116
slice	1914637	NF-PM1	2011-07-21 16:31	3.7	B1=1000000, B2=30000000	0.2029
kurlytop	1911311	NF-PM1	2011-07-21 12:32	3.5	B1=1000000, B2=30000000	0.2029
kurlytop	1911253	F-PM1	2011-07-21 08:53	3.3	2767871465948961448928953	0.0787
kurlytop	1911163	NF-PM1	2011-07-21 07:17	3.3	B1=1000000, B2=30000000	0.2029
hex	49520953	F-PM1	2011-07-21 04:32	26.0	3169946334483821551512376436399	3.6078
kurlytop	1911103	NF-PM1	2011-07-21 03:34	3.1	B1=1000000, B2=30000000	0.2029
slice	1914623	NF-PM1	2011-07-21 02:20	3.1	B1=1000000, B2=30000000	0.2029
kurlytop	1911101	NF-PM1	2011-07-20 23:48	3.0	B1=1000000, B2=30000000	0.2029
hex	43986581	NF-PM1	2011-07-20 16:35	41.6	B1=535000, B2=14311250	2.8453
hex	43695427	NF-PM1	2011-07-20 12:28	41.4	B1=525000, B2=14175000	2.8079
slice	1914587	NF-PM1	2011-07-20 12:16	2.5	B1=1000000, B2=30000000	0.2029
kurlytop	1911079	NF-PM1	2011-07-20 11:41	2.5	B1=1000000, B2=30000000	0.2029
kurlytop	1911061	NF-PM1	2011-07-20 08:00	2.3	B1=1000000, B2=30000000	0.2029
kurlytop	1911053	NF-PM1	2011-07-20 04:20	2.2	B1=1000000, B2=30000000	0.2029
kurlytop	1911037	NF-PM1	2011-07-20 00:36	2.0	B1=1000000, B2=30000000	0.2029
slice	1914541	NF-PM1	2011-07-19 22:03	1.9	B1=1000000, B2=30000000	0.2029
kurlytop	1910999	NF-PM1	2011-07-19 20:02	1.8	B1=1000000, B2=30000000	0.2029
kurlytop	1910971	NF-PM1	2011-07-19 16:17	1.7	B1=1000000, B2=30000000	0.2029
hex	41716291	NF-PM1	2011-07-19 14:28	1.4	B1=250000, B2=5000000	1.0874
kk	44267681	NF-PM1	2011-07-19 13:27	23.5	B1=245000, B2=4226250	1.1628
kurlytop	1910903	NF-PM1	2011-07-19 11:57	1.5	B1=1000000, B2=30000000	0.2029
hex	43928167	NF-PM1	2011-07-19 10:16	40.3	B1=535000, B2=14311250	2.8453
slice	41513281	NF-PM1	2011-07-19 10:02	21.3	B1=265000, B2=5300000	1.3577
kurlytop	1910899	NF-PM1	2011-07-19 08:16	1.3	B1=1000000, B2=30000000	0.2029
hex	43621637	NF-PM1	2011-07-19 07:55	40.2	B1=525000, B2=14175000	2.8079
slice	1914511	NF-PM1	2011-07-19 07:43	1.3	B1=1000000, B2=30000000	0.2029
kurlytop	1910891	NF-PM1	2011-07-19 04:35	1.2	B1=1000000, B2=30000000	0.2029
hex	24560693	C	2011-07-19 03:09	14.1	445EA1448FF4B4__	19.9215
kurlytop	1910869	NF-PM1	2011-07-19 00:51	1.0	B1=1000000, B2=30000000	0.2029
kurlytop	1910813	NF-PM1	2011-07-18 20:20	0.8	B1=1000000, B2=30000000	0.2029
slice	1914509	NF-PM1	2011-07-18 16:36	0.7	B1=1000000, B2=30000000	0.2029
kurlytop	1910767	NF-PM1	2011-07-18 16:34	0.7	B1=1000000, B2=30000000	0.2029
kurlytop	1910693	NF-PM1	2011-07-18 12:06	0.5	B1=1000000, B2=30000000	0.2029
slice	41546777	NF-PM1	2011-07-18 11:41	20.4	B1=265000, B2=5300000	1.3577
hex	41493553	NF-PM1	2011-07-18 10:10	20.3	B1=265000, B2=5432500	1.1681
kurlytop	1910677	F-PM1	2011-07-18 08:24	0.3	3275523394707550361929	0.2029
kurlytop	1910611	F-PM1	2011-07-18 04:42	0.2	325633756971928116433	0.2029
hex	1910551	NF-PM1	2011-07-18 04:18	0.2	B1=1000000, B2=30000000	0.2029
hex	1910147	NF-PM1	2011-07-18 04:18	0.2	B1=1000000, B2=30000000	0.2029
hex	1910401	F-PM1	2011-07-18 04:18	0.2	1570573392791239610551	0.2029
hex	1910257	NF-PM1	2011-07-18 04:17	0.2	B1=1000000, B2=30000000	0.2029
hex	1910509	F-PM1	2011-07-18 03:03	0.1	33990148522378320590609	0.0787
hex	1910527	NF-PM1	2011-07-18 02:30	0.1	B1=1000000, B2=30000000	0.2029
hex	1910429	NF-PM1	2011-07-18 02:29	0.1	B1=1000000, B2=30000000	0.2029
hex	1910323	NF-PM1	2011-07-18 02:29	0.1	B1=1000000, B2=30000000	0.2029
hex	1910179	F-PM1	2011-07-18 02:29	0.1	1599657794562163703137	0.2029
hex	1910047	NF-PM1	2011-07-18 02:28	0.1	B1=1000000, B2=30000000	0.2029
hex	49458469	NF-PM1	2011-07-17 23:01	22.8	B1=575000, B2=14950000	3.6078
kurlytop	41498609	NF-PM1	2011-07-17 07:58	19.2	B1=265000, B2=5432500	1.2096
hex	49483403	NF-PM1	2011-07-16 22:50	21.8	B1=575000, B2=14950000	3.6078
kk	44200889	NF-PM1	2011-07-16 22:49	20.8	B1=245000, B2=4226250	1.1628
hex	49416079	NF-PM1	2011-07-16 11:28	21.3	B1=575000, B2=14950000	3.6078
kurlytop	44351687	NF-PM1	2011-07-16 01:11	22.9	B1=245000, B2=4471250	1.1061
hex	49416067	NF-PM1	2011-07-15 08:24	20.2	B1=550000, B2=13337500	3.3116
hex	49412849	NF-PM1	2011-07-14 23:43	19.8	B1=575000, B2=14950000	3.6078
kurlytop	45057517	NF-PM1	2011-07-14 12:55	0.0	B1=245000, B2=4716250	1.1371
kk	44201123	NF-PM1	2011-07-14 08:10	18.2	B1=245000, B2=4226250	1.1628
hex	23798107	C	2011-07-14 04:14	9.2	5063ADBDFA90B6__	19.3029
hex	49411309	NF-PM1	2011-07-13 20:55	18.7	B1=575000, B2=14950000	3.6078
hex	49353803	NF-PM1	2011-07-13 11:57	18.3	B1=570000, B2=14962500	3.5970
kurlytop	43956287	NF-PM1	2011-07-13 00:34	23.7	B1=280000, B2=5880000	1.2950
slice	43833683	NF-PM1	2011-07-12 23:29	17.9	B1=280000, B2=5740000	1.4537
slice	43940627	NF-PM1	2011-07-12 16:40	17.6	B1=280000, B2=5740000	1.4537
hex	49353781	NF-PM1	2011-07-12 06:19	17.1	B1=570000, B2=14962500	3.5970
hex	39017987	NF-PM1	2011-07-12 04:20	0.4	B1=230000, B2=4370000	0.8697
hex	49348589	F-PM1	2011-07-11 23:57	16.8	1268454967297369722102487	1.5141
kk	44278579	NF-PM1	2011-07-11 17:29	15.6	B1=280000, B2=5740000	1.4537
hex	33219827	C	2011-07-11 14:49	15.4	0C715DCF1E8AB5__	37.7414
hex	40445549	NF-PM1	2011-07-11 12:44	0.5	B1=255000, B2=5482500	1.1537
hex	49271743	NF-PM1	2011-07-11 10:05	16.2	B1=570000, B2=14962500	3.5970
kurlytop	43914217	NF-PM1	2011-07-10 22:49	21.6	B1=280000, B2=5880000	1.2950
hex	49348471	NF-PM1	2011-07-10 16:43	15.5	B1=570000, B2=14962500	3.5970
hex	49242313	NF-PM1	2011-07-09 19:48	14.6	B1=570000, B2=14962500	3.5970
kurlytop	41910749	NF-PM1	2011-07-09 15:37	32.5	B1=270000, B2=5535000	1.2325
hex	24565231	C	2011-07-09 10:20	20.4	BBB024DAF73894__	19.9251
hex	49243507	NF-PM1	2011-07-09 03:57	14.0	B1=570000, B2=14962500	3.5970
hex	55645523	NF-PM1	2011-07-08 00:31	13.4	B1=665000, B2=19783750	5.2448
kk	44159393	NF-PM1	2011-07-08 00:24	11.9	B1=245000, B2=4226250	1.1628
kurlytop	41906987	NF-PM1	2011-07-07 21:56	20.9	B1=250000, B2=4812500	1.1035
hex	40910377	NF-PM1	2011-07-07 09:24	0.5	B1=240000, B2=4860000	1.0509
hex	25046587	C	2011-07-07 05:47	18.2	84A828CD6347AB__	21.4635
hex	42706687	NF-PM1	2011-07-06 21:42	11.8	B1=270000, B2=5940000	1.2373
slice	44326441	NF-PM1	2011-07-06 17:51	13.5	B1=245000, B2=4471250	1.1964
hex	54822941	NF-PM1	2011-07-06 15:55	25.5	B1=655000, B2=19486250	4.8156
slice	44344141	NF-PM1	2011-07-06 11:33	13.3	B1=245000, B2=4471250	1.1964
hex	43190293	NF-PM1	2011-07-06 07:06	13.2	B1=280000, B2=6370000	1.3541
kurlytop	41906393	NF-PM1	2011-07-06 02:59	29.0	B1=270000, B2=5535000	1.2325
hex	1972169	NF-PM1	2011-07-05 17:53	0.0	B1=1000000, B2=30000000	0.2460
hex	1978849	NF-PM1	2011-07-05 17:52	0.0	B1=1000000, B2=30000000	0.2460
hex	1968983	NF-PM1	2011-07-05 16:00	0.0	B1=1000000, B2=30000000	0.2460
hex	1967947	NF-PM1	2011-07-05 15:59	0.0	B1=1000000, B2=30000000	0.2460
hex	1967717	NF-PM1	2011-07-05 14:07	0.0	B1=1000000, B2=30000000	0.2460
hex	1967821	F-PM1	2011-07-05 14:06	0.0	713369445820790465137	0.2460
hex	1967599	NF-PM1	2011-07-05 12:14	0.0	B1=1000000, B2=30000000	0.2460
hex	1967543	NF-PM1	2011-07-05 12:13	0.0	B1=1000000, B2=30000000	0.2460
hex	1967369	NF-PM1	2011-07-05 10:21	0.0	B1=1000000, B2=30000000	0.2460
hex	1967387	NF-PM1	2011-07-05 10:20	0.0	B1=1000000, B2=30000000	0.2460
kk	44151577	NF-PM1	2011-07-05 09:44	9.3	B1=245000, B2=4226250	1.1628
hex	1967347	NF-PM1	2011-07-05 08:28	0.0	B1=1000000, B2=30000000	0.2460
hex	1967323	NF-PM1	2011-07-05 08:27	0.0	B1=1000000, B2=30000000	0.2460
hex	1967243	NF-PM1	2011-07-05 06:35	0.0	B1=1000000, B2=30000000	0.2460
hex	1967261	NF-PM1	2011-07-05 06:34	0.0	B1=1000000, B2=30000000	0.2460
hex	1967239	NF-PM1	2011-07-05 04:42	0.0	B1=1000000, B2=30000000	0.2460
hex	1967171	NF-PM1	2011-07-05 04:42	0.0	B1=1000000, B2=30000000	0.2460
hex	1967023	NF-PM1	2011-07-05 02:49	0.0	B1=1000000, B2=30000000	0.2460
hex	1967129	NF-PM1	2011-07-05 02:49	0.0	B1=1000000, B2=30000000	0.2460
kurlytop	41900063	NF-PM1	2011-07-04 12:07	22.3	B1=250000, B2=4750000	1.0959
hex	54774869	NF-PM1	2011-07-04 03:34	23.0	B1=655000, B2=19486250	4.8156
hex	41937607	NF-PM1	2011-07-03 15:22	0.5	B1=250000, B2=5062500	1.0947
kurlytop	41685713	NF-PM1	2011-07-03 09:23	15.7	B1=245000, B2=4716250	1.0814
hex	54826973	NF-PM1	2011-07-02 23:28	21.8	B1=655000, B2=19486250	4.8156
kk	1903511	F-PM1	2011-07-02 18:54	28.7	56433801842048376287	0.2029
kk	1903487	NF-PM1	2011-07-02 09:57	28.3	B1=1000000, B2=30000000	0.2029
kurlytop	41662927	NF-PM1	2011-07-02 06:36	28.1	B1=245000, B2=4716250	1.0814
hex	24745807	C	2011-07-02 06:19	146.2	E477A17EDC299E__	20.0716
hex	54822253	NF-PM1	2011-07-02 04:29	21.0	B1=655000, B2=19486250	4.8156
kk	1903483	NF-PM1	2011-07-02 01:00	28.0	B1=1000000, B2=30000000	0.2029
kk	1903471	F-PM1	2011-07-01 16:03	27.6	27905634955838160079017148153	0.2029
slice	41834347	NF-PM1	2011-07-01 15:10	15.7	B1=245000, B2=4655000	1.2216
slice	41745001	NF-PM1	2011-07-01 07:41	15.3	B1=245000, B2=4655000	1.2216
kk	1903247	NF-PM1	2011-07-01 07:04	27.2	B1=1000000, B2=30000000	0.2029
hex	54823061	NF-PM1	2011-06-30 22:33	19.8	B1=655000, B2=19486250	4.8156
kk	1903277	NF-PM1	2011-06-30 22:07	26.8	B1=1000000, B2=30000000	0.2029
kk	1903147	NF-PM1	2011-06-30 13:10	26.5	B1=1000000, B2=30000000	0.2029
kurlytop	41612723	NF-PM1	2011-06-30 11:35	23.3	B1=245000, B2=4716250	1.0814
hex	1997693	NF-PM1	2011-06-30 05:46	2.1	B1=1000000, B2=30000000	0.2460
kk	1903229	NF-PM1	2011-06-30 04:13	26.1	B1=1000000, B2=30000000	0.2029
hex	1999633	NF-PM1	2011-06-30 03:57	2.0	B1=1000000, B2=30000000	0.2460
hex	1999331	NF-PM1	2011-06-30 02:08	2.0	B1=1000000, B2=30000000	0.2460
hex	1998817	F-PM1	2011-06-30 00:19	1.9	26687338267841027405791	0.0953
hex	54822223	NF-PM1	2011-06-29 23:36	18.8	B1=655000, B2=19486250	4.8156
kk	1903123	NF-PM1	2011-06-29 19:16	25.7	B1=1000000, B2=30000000	0.2029
kurlytop	1991729	NF-PM1	2011-06-29 12:18	1.4	B1=1000000, B2=30000000	0.2460
hex	1995689	NF-PM1	2011-06-29 11:06	1.4	B1=1000000, B2=30000000	0.2460
hex	1998127	NF-PM1	2011-06-29 10:57	1.3	B1=1000000, B2=30000000	0.2460
hex	1995661	NF-PM1	2011-06-29 10:46	1.3	B1=1000000, B2=30000000	0.2460
kk	1903117	NF-PM1	2011-06-29 10:19	25.3	B1=1000000, B2=30000000	0.2029
hex	1996277	NF-PM1	2011-06-29 09:03	1.3	B1=1000000, B2=30000000	0.2460
hex	1997137	NF-PM1	2011-06-29 08:54	1.2	B1=1000000, B2=30000000	0.2460
hex	1993633	NF-PM1	2011-06-29 08:49	1.2	B1=1000000, B2=30000000	0.2460
kurlytop	1967011	NF-PM1	2011-06-29 07:35	0.2	B1=1000000, B2=30000000	0.2460
hex	1995683	NF-PM1	2011-06-29 07:33	1.2	B1=1000000, B2=30000000	0.2460
hex	1995947	NF-PM1	2011-06-29 06:59	1.2	B1=1000000, B2=30000000	0.2460
hex	1996697	NF-PM1	2011-06-29 06:56	1.2	B1=1000000, B2=30000000	0.2460
hex	1993529	NF-PM1	2011-06-29 06:52	1.2	B1=1000000, B2=30000000	0.2460
hex	1992611	F-PM1	2011-06-29 05:30	1.1	1561358657956057230271	0.0953
hex	1994711	NF-PM1	2011-06-29 04:52	1.1	B1=1000000, B2=30000000	0.2460
hex	1997293	F-PM1	2011-06-29 04:49	1.1	33579362377488332973816211929918617758917702673	0.2460
hex	1992919	NF-PM1	2011-06-29 04:47	1.1	B1=1000000, B2=30000000	0.2460
hex	1992031	NF-PM1	2011-06-29 04:46	1.1	B1=1000000, B2=30000000	0.2460
kurlytop	1991527	F-PM1	2011-06-29 02:19	1.0	271333484587432178868449	0.2460
kk	1903409	NF-PM1	2011-06-29 01:20	25.0	B1=1000000, B2=30000000	0.2029
hex	54823039	NF-PM1	2011-06-28 18:38	17.6	B1=655000, B2=19486250	4.8156
hex	24771577	C	2011-06-28 18:36	65.6	C0827839FB7099__	20.0925
kk	1902877	NF-PM1	2011-06-28 16:23	24.6	B1=1000000, B2=30000000	0.2029
kurlytop	1967107	NF-PM1	2011-06-28 12:07	0.4	B1=1000000, B2=30000000	0.2460
kk	1903063	NF-PM1	2011-06-28 07:26	24.2	B1=1000000, B2=30000000	0.2029
kurlytop	1967027	NF-PM1	2011-06-28 07:23	0.2	B1=1000000, B2=30000000	0.2460
hex	54821353	NF-PM1	2011-06-27 22:52	16.8	B1=655000, B2=19486250	4.8156
kk	1903073	NF-PM1	2011-06-27 22:28	23.8	B1=1000000, B2=30000000	0.2029
kurlytop	41553691	NF-PM1	2011-06-27 15:21	10.0	B1=245000, B2=4716250	1.0814
kk	1902991	NF-PM1	2011-06-27 13:31	23.5	B1=1000000, B2=30000000	0.2029
kk	1902863	NF-PM1	2011-06-27 04:34	23.1	B1=1000000, B2=30000000	0.2029
hex	49428079	NF-PM1	2011-06-26 20:20	0.0	B1=280000, B2=6020000	1.5745
kk	1902899	NF-PM1	2011-06-26 19:37	22.7	B1=1000000, B2=30000000	0.2029
hex	54822947	NF-PM1	2011-06-26 17:44	15.6	B1=655000, B2=19486250	4.8156
kk	1902847	NF-PM1	2011-06-26 10:40	22.3	B1=1000000, B2=30000000	0.2029
kurlytop	41484241	NF-PM1	2011-06-26 10:39	15.4	B1=245000, B2=4716250	1.0814
slice	41770849	NF-PM1	2011-06-26 09:42	10.4	B1=245000, B2=4655000	1.2216
slice	8021737	NF-PM1	2011-06-26 03:57	22.0	B1=215000, B2=5267500	0.1856
kk	1903003	NF-PM1	2011-06-26 01:36	22.0	B1=1000000, B2=30000000	0.2029
kk	1902829	NF-PM1	2011-06-25 16:39	21.6	B1=1000000, B2=30000000	0.2029
slice	8027251	NF-PM1	2011-06-25 09:08	21.2	B1=215000, B2=5267500	0.1856
kurlytop	41449873	NF-PM1	2011-06-25 08:01	7.7	B1=245000, B2=4716250	1.0814
kk	1902763	NF-PM1	2011-06-25 07:42	21.2	B1=1000000, B2=30000000	0.2029
hex	54774871	NF-PM1	2011-06-25 03:06	14.0	B1=655000, B2=19486250	4.8156
kk	1902961	NF-PM1	2011-06-24 22:45	20.8	B1=1000000, B2=30000000	0.2029
hex	24300427	C	2011-06-24 21:18	72.8	4849CAE3E7BDFA__	19.7103
hex	47101519	NF-PM1	2011-06-24 17:42	20.6	B1=305000, B2=7091250	1.6985
hex	42266711	NF-PM1	2011-06-24 14:47	2.6	B1=505000, B2=13635000	2.6082
slice	8023787	NF-PM1	2011-06-24 14:26	20.5	B1=215000, B2=5267500	0.1856
kk	1902517	NF-PM1	2011-06-24 13:49	20.5	B1=1000000, B2=30000000	0.2029
kk	1902619	NF-PM1	2011-06-24 04:51	20.1	B1=1000000, B2=30000000	0.2029
hex	43479797	NF-PM1	2011-06-24 00:17	31.9	B1=265000, B2=5300000	1.1937
slice	8021231	NF-PM1	2011-06-23 20:16	19.7	B1=215000, B2=5267500	0.1856
kk	1902469	NF-PM1	2011-06-23 19:54	19.7	B1=1000000, B2=30000000	0.2029
hex	43439533	NF-PM1	2011-06-23 11:59	31.3	B1=260000, B2=5330000	1.1868
kk	1902463	NF-PM1	2011-06-23 10:56	19.3	B1=1000000, B2=30000000	0.2029
hex	43949957	C	2011-06-23 10:46	71.3	664AFF9B6976BF__	67.0847
kurlytop	41448389	NF-PM1	2011-06-23 07:47	5.6	B1=245000, B2=4716250	1.0814
slice	8029291	NF-PM1	2011-06-23 02:22	19.0	B1=215000, B2=5321250	0.1867
kk	1902497	NF-PM1	2011-06-23 01:59	19.0	B1=1000000, B2=30000000	0.2029
hex	42780779	NF-PM1	2011-06-23 00:52	1.0	B1=275000, B2=5981250	1.2522
hex	43488821	NF-PM1	2011-06-23 00:15	30.9	B1=265000, B2=5300000	1.1937
kk	1902457	NF-PM1	2011-06-22 17:03	18.6	B1=1000000, B2=30000000	0.2029
hex	47160781	NF-PM1	2011-06-22 12:02	18.4	B1=570000, B2=15817500	3.5261
hex	43441031	NF-PM1	2011-06-22 11:12	30.3	B1=260000, B2=5330000	1.1868
slice	8021869	NF-PM1	2011-06-22 09:28	18.2	B1=215000, B2=5267500	0.1856
kk	1902539	NF-PM1	2011-06-22 08:07	18.2	B1=1000000, B2=30000000	0.2029
kk	1902431	NF-PM1	2011-06-21 23:11	17.9	B1=1000000, B2=30000000	0.2029
hex	43314881	NF-PM1	2011-06-21 22:35	29.8	B1=260000, B2=5265000	1.1790
slice	8027219	NF-PM1	2011-06-21 16:36	17.5	B1=215000, B2=5267500	0.1856
kk	1902743	NF-PM1	2011-06-21 14:14	17.5	B1=1000000, B2=30000000	0.2029
hex	43390183	NF-PM1	2011-06-21 10:06	29.3	B1=260000, B2=5265000	1.1790
slice	8025533	NF-PM1	2011-06-21 07:35	17.2	B1=215000, B2=5267500	0.1856
hex	24750149	C	2011-06-21 06:25	135.2	D0B66F1E51F05A__	20.0751
kurlytop	41436721	NF-PM1	2011-06-21 06:17	3.6	B1=245000, B2=4716250	1.0814
kk	1902143	NF-PM1	2011-06-21 05:17	17.1	B1=1000000, B2=30000000	0.2029
hex	43998239	NF-PM1	2011-06-21 02:43	23.0	B1=535000, B2=14311250	2.8453
slice	8025361	NF-PM1	2011-06-20 23:01	16.8	B1=215000, B2=5267500	0.1856
hex	43363759	F-PM1	2011-06-20 22:16	28.8	566645733218532866731538439737694884449681	1.1790
kk	1902379	NF-PM1	2011-06-20 20:20	16.8	B1=1000000, B2=30000000	0.2029
slice	8027939	NF-PM1	2011-06-20 13:14	16.4	B1=215000, B2=5267500	0.1856
kk	1902347	NF-PM1	2011-06-20 11:24	16.4	B1=1000000, B2=30000000	0.2029
hex	41802379	NF-PM1	2011-06-20 10:05	5.3	B1=250000, B2=5062500	1.0947
slice	8021851	NF-PM1	2011-06-20 04:56	16.0	B1=215000, B2=5267500	0.1856
kurlytop	41395127	NF-PM1	2011-06-20 04:04	13.0	B1=245000, B2=4716250	1.0814
kk	1902203	NF-PM1	2011-06-20 02:26	16.0	B1=1000000, B2=30000000	0.2029
hex	41730421	NF-PM1	2011-06-19 22:33	4.8	B1=250000, B2=5062500	1.0947
hex	42717359	NF-PM1	2011-06-19 20:32	19.8	B1=515000, B2=13905000	2.6598
slice	8027869	NF-PM1	2011-06-19 18:56	15.6	B1=215000, B2=5267500	0.1856
kk	1902221	NF-PM1	2011-06-19 17:29	15.6	B1=1000000, B2=30000000	0.2029
slice	8029663	NF-PM1	2011-06-19 11:19	15.3	B1=215000, B2=5321250	0.1867
hex	47122133	NF-PM1	2011-06-19 10:58	15.3	B1=570000, B2=15817500	3.5261
kk	1902193	NF-PM1	2011-06-19 08:33	15.2	B1=1000000, B2=30000000	0.2029
kurlytop	41399569	NF-PM1	2011-06-19 01:36	11.9	B1=245000, B2=4716250	1.0814
slice	8025449	NF-PM1	2011-06-19 00:52	14.9	B1=215000, B2=5267500	0.1856
kk	1902289	NF-PM1	2011-06-18 23:37	14.9	B1=1000000, B2=30000000	0.2029
hex	43335283	NF-PM1	2011-06-18 17:44	26.6	B1=260000, B2=5265000	1.1790
slice	8028781	NF-PM1	2011-06-18 17:28	14.6	B1=215000, B2=5321250	0.1867
kk	1902367	NF-PM1	2011-06-18 14:41	14.5	B1=1000000, B2=30000000	0.2029
slice	8027641	NF-PM1	2011-06-18 07:07	14.2	B1=215000, B2=5267500	0.1856
kk	1901947	NF-PM1	2011-06-18 05:44	14.1	B1=1000000, B2=30000000	0.2029
hex	42642533	NF-PM1	2011-06-18 04:33	18.2	B1=515000, B2=13776250	2.6449
hex	47151371	NF-PM1	2011-06-18 00:41	13.9	B1=570000, B2=15817500	3.5261
hex	23987389	C	2011-06-18 00:11	9.2	A6557B06106280__	19.4564
slice	8026933	NF-PM1	2011-06-17 23:37	13.8	B1=215000, B2=5267500	0.1856
kurlytop	41598871	NF-PM1	2011-06-17 23:22	13.8	B1=245000, B2=4716250	1.0814
kk	1901987	NF-PM1	2011-06-17 20:47	13.8	B1=1000000, B2=30000000	0.2029
slice	8025623	NF-PM1	2011-06-17 13:08	13.4	B1=215000, B2=5267500	0.1856
kk	1901777	NF-PM1	2011-06-17 11:50	13.4	B1=1000000, B2=30000000	0.2029
slice	8024773	NF-PM1	2011-06-17 05:40	13.1	B1=215000, B2=5267500	0.1856
kk	1901749	NF-PM1	2011-06-17 02:53	13.0	B1=1000000, B2=30000000	0.2029
hex	42720737	NF-PM1	2011-06-16 22:38	16.9	B1=515000, B2=13905000	2.6598
kurlytop	1909783	NF-PM1	2011-06-16 21:08	18.8	B1=1000000, B2=30000000	0.2029
slice	8022563	NF-PM1	2011-06-16 18:51	12.6	B1=215000, B2=5267500	0.1856
kk	1901833	NF-PM1	2011-06-16 17:55	12.6	B1=1000000, B2=30000000	0.2029
kurlytop	1909807	NF-PM1	2011-06-16 17:26	18.6	B1=1000000, B2=30000000	0.2029
hex	41690027	NF-PM1	2011-06-16 14:56	1.5	B1=265000, B2=5830000	1.2144
kurlytop	1909799	NF-PM1	2011-06-16 13:44	18.4	B1=1000000, B2=30000000	0.2029
slice	8019073	NF-PM1	2011-06-16 11:38	12.3	B1=215000, B2=5267500	0.1856
kurlytop	1909801	NF-PM1	2011-06-16 10:02	18.3	B1=1000000, B2=30000000	0.2029
kk	1901531	NF-PM1	2011-06-16 08:59	12.2	B1=1000000, B2=30000000	0.2029
kurlytop	1909949	NF-PM1	2011-06-16 06:21	18.1	B1=1000000, B2=30000000	0.2029
kurlytop	1909837	NF-PM1	2011-06-16 02:33	18.0	B1=1000000, B2=30000000	0.2029
hex	41646049	NF-PM1	2011-06-16 01:17	1.0	B1=250000, B2=5000000	1.0874
slice	8013799	NF-PM1	2011-06-16 01:03	11.9	B1=215000, B2=5267500	0.1856
kk	1901461	NF-PM1	2011-06-16 00:03	11.9	B1=1000000, B2=30000000	0.2029
kurlytop	1909769	NF-PM1	2011-06-15 22:47	17.8	B1=1000000, B2=30000000	0.2029
hex	43999817	NF-PM1	2011-06-15 20:58	17.7	B1=535000, B2=14311250	2.8453
slice	8017619	NF-PM1	2011-06-15 17:29	11.6	B1=215000, B2=5267500	0.1856
kk	1901507	NF-PM1	2011-06-15 15:06	11.5	B1=1000000, B2=30000000	0.2029
hex	41484451	NF-PM1	2011-06-15 13:49	0.5	B1=245000, B2=4961250	1.0728
slice	8019647	NF-PM1	2011-06-15 06:58	11.1	B1=215000, B2=5267500	0.1856
kk	1901563	NF-PM1	2011-06-15 06:09	11.2	B1=1000000, B2=30000000	0.2029
hex	43396169	NF-PM1	2011-06-15 03:27	23.0	B1=260000, B2=5265000	1.1790
kurlytop	1909777	NF-PM1	2011-06-15 01:46	16.9	B1=1000000, B2=30000000	0.2029
slice	8020273	NF-PM1	2011-06-14 23:58	10.8	B1=215000, B2=5267500	0.1856
kurlytop	1909987	NF-PM1	2011-06-14 21:58	16.8	B1=1000000, B2=30000000	0.2029
kk	1901489	NF-PM1	2011-06-14 21:13	10.8	B1=1000000, B2=30000000	0.2029
kurlytop	1909703	NF-PM1	2011-06-14 18:15	16.6	B1=1000000, B2=30000000	0.2029
kurlytop	1909603	NF-PM1	2011-06-14 14:32	16.5	B1=1000000, B2=30000000	0.2029
hex	42554683	NF-PM1	2011-06-14 13:52	14.5	B1=515000, B2=13776250	2.6449
hex	42540497	F-PM1	2011-06-14 13:51	3.4	175446364950516895358489	1.1166
slice	8017091	NF-PM1	2011-06-14 12:47	10.4	B1=215000, B2=5267500	0.1856
kk	1901519	NF-PM1	2011-06-14 12:17	10.4	B1=1000000, B2=30000000	0.2029
kurlytop	1909717	NF-PM1	2011-06-14 10:49	16.3	B1=1000000, B2=30000000	0.2029
kurlytop	1909573	NF-PM1	2011-06-14 07:05	16.2	B1=1000000, B2=30000000	0.2029
hex	42451649	NF-PM1	2011-06-14 06:17	3.1	B1=255000, B2=5163750	1.1166
slice	8015797	NF-PM1	2011-06-14 06:03	10.1	B1=215000, B2=5267500	0.1856
kk	1901231	NF-PM1	2011-06-14 03:21	10.0	B1=1000000, B2=30000000	0.2029
kurlytop	1909651	NF-PM1	2011-06-14 03:12	16.0	B1=1000000, B2=30000000	0.2029
hex	43404617	NF-PM1	2011-06-14 01:55	21.9	B1=260000, B2=5265000	1.1790
kurlytop	1908769	NF-PM1	2011-06-13 23:15	15.8	B1=1000000, B2=30000000	0.2029
kurlytop	1909429	NF-PM1	2011-06-13 19:32	15.7	B1=1000000, B2=30000000	0.2029
slice	8010707	NF-PM1	2011-06-13 18:42	9.6	B1=215000, B2=5267500	0.1856
kk	1901359	NF-PM1	2011-06-13 18:24	9.7	B1=1000000, B2=30000000	0.2029
hex	42349283	NF-PM1	2011-06-13 18:10	2.6	B1=255000, B2=5100000	1.1092
kurlytop	1908943	NF-PM1	2011-06-13 15:50	15.5	B1=1000000, B2=30000000	0.2029
hex	42641351	NF-PM1	2011-06-13 13:15	2.4	B1=255000, B2=5163750	1.1166
kurlytop	1909513	NF-PM1	2011-06-13 12:09	15.4	B1=1000000, B2=30000000	0.2029
slice	8014999	NF-PM1	2011-06-13 12:02	9.4	B1=215000, B2=5267500	0.1856
kk	1901363	NF-PM1	2011-06-13 09:28	9.3	B1=1000000, B2=30000000	0.2029
hex	42706493	NF-PM1	2011-06-13 09:15	13.4	B1=515000, B2=13905000	2.6598
kurlytop	1909003	F-PM1	2011-06-13 08:26	15.2	438088136960062145890118315000876081	0.2029
hex	42287093	NF-PM1	2011-06-13 06:31	2.1	B1=255000, B2=5100000	1.1092
kurlytop	1908523	F-PM1	2011-06-13 04:43	15.0	430358396934648276959	0.2029
hex	42603881	NF-PM1	2011-06-13 01:25	1.9	B1=255000, B2=5163750	1.1166
kurlytop	1908857	NF-PM1	2011-06-13 00:54	14.9	B1=1000000, B2=30000000	0.2029
slice	8020429	NF-PM1	2011-06-13 00:29	8.9	B1=215000, B2=5267500	0.1856
kk	1901267	NF-PM1	2011-06-13 00:29	8.9	B1=1000000, B2=30000000	0.2029
kurlytop	1908659	F-PM1	2011-06-12 20:07	14.7	3107570949798662523193	0.0787
kurlytop	1990147	NF-ECM	2011-06-12 19:55	0.7	10 curves, B1=50000, B2=5000000	0.8453
hex	41961169	NF-PM1	2011-06-12 18:06	1.6	B1=250000, B2=5062500	1.0947
slice	8013391	NF-PM1	2011-06-12 18:06	8.6	B1=215000, B2=5267500	0.1856
kk	1901191	NF-PM1	2011-06-12 15:33	8.5	B1=1000000, B2=30000000	0.2029
hex	43385137	NF-PM1	2011-06-12 12:33	20.4	B1=260000, B2=5265000	1.1790
kk	1901329	NF-PM1	2011-06-12 06:36	8.2	B1=1000000, B2=30000000	0.2029
slice	8016703	NF-PM1	2011-06-12 06:24	8.1	B1=215000, B2=5267500	0.1856
hex	41820413	NF-PM1	2011-06-12 06:10	1.1	B1=250000, B2=5062500	1.0947
hex	42587147	NF-PM1	2011-06-12 03:37	1.0	B1=255000, B2=5163750	1.1166
kurlytop	1909399	NF-PM1	2011-06-12 01:28	13.9	B1=1000000, B2=30000000	0.2029
slice	8011739	F-PM1	2011-06-12 00:02	7.9	325901270579979244207	0.0814
hex	42580133	NF-PM1	2011-06-11 23:31	0.8	B1=255000, B2=5163750	1.1166
kurlytop	1908661	F-PM1	2011-06-11 21:44	13.8	960691531645451352343	0.0787
kk	1901147	NF-PM1	2011-06-11 21:40	7.8	B1=1000000, B2=30000000	0.2029
kurlytop	1909441	NF-PM1	2011-06-11 20:11	13.7	B1=1000000, B2=30000000	0.2029
hex	41856751	NF-PM1	2011-06-11 18:09	0.6	B1=270000, B2=5872500	1.2294
slice	1904753	NF-PM1	2011-06-11 16:59	25.6	B1=1000000, B2=30000000	0.2029
kurlytop	1907593	NF-PM1	2011-06-11 16:30	13.5	B1=1000000, B2=30000000	0.2029
hex	43380707	NF-PM1	2011-06-11 15:20	19.5	B1=235000, B2=4641250	1.0514
slice	8015101	NF-PM1	2011-06-11 13:00	7.4	B1=215000, B2=5267500	0.1856
kurlytop	1907911	NF-PM1	2011-06-11 12:49	13.4	B1=1000000, B2=30000000	0.2029
kk	1900721	NF-PM1	2011-06-11 12:44	7.4	B1=1000000, B2=30000000	0.2029
hex	42538543	NF-PM1	2011-06-11 11:33	11.5	B1=515000, B2=13776250	2.6449
kurlytop	1908043	NF-PM1	2011-06-11 09:09	13.2	B1=1000000, B2=30000000	0.2029
kurlytop	1907767	NF-PM1	2011-06-11 05:25	13.1	B1=1000000, B2=30000000	0.2029
kk	1900831	NF-PM1	2011-06-11 03:47	7.0	B1=1000000, B2=30000000	0.2029
hex	91103891	C	2011-06-11 03:36	147.2	4A84102C13BACE__	329.9985
slice	1904471	NF-PM1	2011-06-11 01:57	25.0	B1=1000000, B2=30000000	0.2029
kurlytop	1908047	NF-PM1	2011-06-11 01:38	12.9	B1=1000000, B2=30000000	0.2029
kurlytop	1908013	NF-PM1	2011-06-11 00:23	12.9	B1=1000000, B2=30000000	0.2029
kurlytop	1908077	F-PM1	2011-06-11 00:23	12.9	173912414393517262688059759	0.2029
kurlytop	1907743	NF-PM1	2011-06-11 00:23	12.9	B1=1000000, B2=30000000	0.2029
kurlytop	1907797	NF-PM1	2011-06-11 00:23	12.9	B1=1000000, B2=30000000	0.2029
kurlytop	1908169	NF-PM1	2011-06-11 00:23	12.9	B1=1000000, B2=30000000	0.2029
kurlytop	1908167	NF-PM1	2011-06-11 00:23	12.9	B1=1000000, B2=30000000	0.2029
kurlytop	1907693	NF-PM1	2011-06-11 00:23	12.9	B1=1000000, B2=30000000	0.2029
slice	8013449	NF-PM1	2011-06-10 18:59	6.6	B1=215000, B2=5267500	0.1856
kk	1900709	NF-PM1	2011-06-10 18:48	6.7	B1=1000000, B2=30000000	0.2029
slice	1905359	NF-PM1	2011-06-10 10:58	24.3	B1=1000000, B2=30000000	0.2029
kk	1900867	NF-PM1	2011-06-10 09:51	6.3	B1=1000000, B2=30000000	0.2029
hex	51951451	NF-PM1	2011-06-10 05:07	27.8	B1=610000, B2=16622500	4.1180
kk	1900733	NF-PM1	2011-06-10 00:55	5.9	B1=1000000, B2=30000000	0.2029
slice	8011763	NF-PM1	2011-06-10 00:41	5.9	B1=215000, B2=5267500	0.1856
slice	1905283	NF-PM1	2011-06-09 20:19	23.8	B1=1000000, B2=30000000	0.2029
kk	1900363	NF-PM1	2011-06-09 15:58	5.5	B1=1000000, B2=30000000	0.2029
kurlytop	1906523	NF-PM1	2011-06-09 10:56	11.3	B1=1000000, B2=30000000	0.2029
kurlytop	1906997	NF-PM1	2011-06-09 07:16	11.2	B1=1000000, B2=30000000	0.2029
kk	1900609	NF-PM1	2011-06-09 07:03	5.2	B1=1000000, B2=30000000	0.2029
slice	1905671	F-PM1	2011-06-09 06:39	23.2	75850213393620457188073	0.0787
slice	1905247	NF-PM1	2011-06-09 05:41	23.1	B1=1000000, B2=30000000	0.2029
kurlytop	1906543	NF-PM1	2011-06-09 03:34	11.0	B1=1000000, B2=30000000	0.2029
slice	1905437	NF-PM1	2011-06-09 01:34	23.0	B1=1000000, B2=30000000	0.2029
kurlytop	1907023	NF-PM1	2011-06-08 23:42	10.8	B1=1000000, B2=30000000	0.2029
kk	1900543	NF-PM1	2011-06-08 22:06	4.8	B1=1000000, B2=30000000	0.2029
kurlytop	1906589	NF-PM1	2011-06-08 20:02	10.7	B1=1000000, B2=30000000	0.2029
kurlytop	1907053	NF-PM1	2011-06-08 16:22	10.5	B1=1000000, B2=30000000	0.2029
slice	1905347	NF-PM1	2011-06-08 14:34	22.5	B1=1000000, B2=30000000	0.2029
kk	1900487	NF-PM1	2011-06-08 13:09	4.5	B1=1000000, B2=30000000	0.2029
kurlytop	1906621	NF-PM1	2011-06-08 12:42	10.4	B1=1000000, B2=30000000	0.2029
slice	1905691	NF-PM1	2011-06-08 10:51	22.3	B1=1000000, B2=30000000	0.2029
hex	51992419	NF-PM1	2011-06-08 09:11	27.8	B1=610000, B2=16622500	4.1180
kurlytop	1907107	NF-PM1	2011-06-08 09:02	10.2	B1=1000000, B2=30000000	0.2029
kurlytop	1906699	NF-PM1	2011-06-08 05:21	10.1	B1=1000000, B2=30000000	0.2029
kk	1900429	NF-PM1	2011-06-08 04:13	4.1	B1=1000000, B2=30000000	0.2029
kurlytop	1907123	NF-PM1	2011-06-08 01:36	9.9	B1=1000000, B2=30000000	0.2029
slice	1905181	NF-PM1	2011-06-07 23:22	21.9	B1=1000000, B2=30000000	0.2029
slice	1905667	NF-PM1	2011-06-07 20:11	21.8	B1=1000000, B2=30000000	0.2029
kk	1900489	NF-PM1	2011-06-07 19:17	3.7	B1=1000000, B2=30000000	0.2029
kurlytop	1906757	NF-PM1	2011-06-07 11:03	9.3	B1=1000000, B2=30000000	0.2029
kk	1900463	NF-PM1	2011-06-07 10:21	3.3	B1=1000000, B2=30000000	0.2029
slice	1905053	NF-PM1	2011-06-07 08:11	21.2	B1=1000000, B2=30000000	0.2029
kurlytop	1907141	NF-PM1	2011-06-07 07:23	9.2	B1=1000000, B2=30000000	0.2029
slice	1905791	NF-PM1	2011-06-07 05:27	21.1	B1=1000000, B2=30000000	0.2029
kurlytop	1906829	F-PM1	2011-06-07 03:40	9.0	6229899535750837519039	0.0787
kurlytop	1907153	NF-PM1	2011-06-07 02:06	9.0	B1=1000000, B2=30000000	0.2029
kk	41322089	NF-PM1	2011-06-07 01:25	20.0	B1=240000, B2=4260000	1.1555
kurlytop	1906481	NF-PM1	2011-06-06 22:21	8.8	B1=1000000, B2=30000000	0.2029
kurlytop	1907189	NF-PM1	2011-06-06 18:42	8.6	B1=1000000, B2=30000000	0.2029
slice	1904869	NF-PM1	2011-06-06 16:59	20.6	B1=1000000, B2=30000000	0.2029
kurlytop	1906559	NF-PM1	2011-06-06 15:02	8.5	B1=1000000, B2=30000000	0.2029
slice	1905679	F-PM1	2011-06-06 14:39	20.5	51015855005197569103	0.2029
hex	53951917	NF-PM1	2011-06-06 13:40	54.7	B1=650000, B2=19012500	4.7281
kurlytop	1907209	NF-PM1	2011-06-06 11:22	8.3	B1=1000000, B2=30000000	0.2029
kurlytop	1906643	F-PM1	2011-06-06 07:42	8.2	288958758977011233221220457	0.2029
hex	41362691	NF-PM1	2011-06-06 04:18	19.2	B1=245000, B2=4961250	1.0728
kurlytop	1907309	NF-PM1	2011-06-06 04:01	8.0	B1=1000000, B2=30000000	0.2029
hex	41677049	NF-PM1	2011-06-06 02:40	0.2	B1=250000, B2=5000000	1.0874
slice	1904971	NF-PM1	2011-06-06 01:39	20.0	B1=1000000, B2=30000000	0.2029
kurlytop	1906811	NF-PM1	2011-06-06 00:16	7.9	B1=1000000, B2=30000000	0.2029
slice	1905923	NF-PM1	2011-06-05 23:48	19.9	B1=1000000, B2=30000000	0.2029
kurlytop	1907371	NF-PM1	2011-06-05 20:28	7.7	B1=1000000, B2=30000000	0.2029
hex	47106431	NF-PM1	2011-06-05 16:53	0.0	B1=305000, B2=7091250	1.6985
kurlytop	1908749	NF-PM1	2011-06-05 16:49	7.5	B1=1000000, B2=30000000	0.2029
kurlytop	1909087	NF-PM1	2011-06-05 13:09	7.4	B1=1000000, B2=30000000	0.2029
slice	1904719	NF-PM1	2011-06-05 10:13	19.3	B1=1000000, B2=30000000	0.2029
kurlytop	1909319	NF-PM1	2011-06-05 09:29	7.2	B1=1000000, B2=30000000	0.2029
slice	1905653	NF-PM1	2011-06-05 08:46	19.2	B1=1000000, B2=30000000	0.2029
hex	42346373	NF-PM1	2011-06-04 23:28	3.0	B1=510000, B2=13642500	2.6192
kurlytop	1909183	NF-PM1	2011-06-04 21:45	6.8	B1=1000000, B2=30000000	0.2029
slice	1904939	F-PM1	2011-06-04 18:52	18.7	126932541962364416809	0.0787
kurlytop	1909213	NF-PM1	2011-06-04 18:05	6.6	B1=1000000, B2=30000000	0.2029
slice	1905979	NF-PM1	2011-06-04 17:53	18.6	B1=1000000, B2=30000000	0.2029
kurlytop	1908713	NF-PM1	2011-06-04 14:25	6.5	B1=1000000, B2=30000000	0.2029
slice	1904587	NF-PM1	2011-06-04 13:44	18.5	B1=1000000, B2=30000000	0.2029
hex	42601189	NF-PM1	2011-06-04 12:52	0.5	B1=255000, B2=5163750	1.1166
kk	41356979	NF-PM1	2011-06-04 10:49	17.4	B1=245000, B2=4287500	1.1712
kurlytop	1909267	NF-PM1	2011-06-04 10:44	6.3	B1=1000000, B2=30000000	0.2029
hex	42193717	NF-PM1	2011-06-04 08:27	0.3	B1=255000, B2=5100000	1.1092
kurlytop	1908581	F-PM1	2011-06-04 06:59	6.1	21293097549458764103	0.2029
hex	41636611	NF-PM1	2011-06-04 04:12	0.2	B1=250000, B2=5000000	1.0874
kurlytop	1909283	NF-PM1	2011-06-04 03:12	6.0	B1=1000000, B2=30000000	0.2029
slice	1905899	NF-PM1	2011-06-04 02:43	18.0	B1=1000000, B2=30000000	0.2029
kurlytop	1907527	F-PM1	2011-06-03 23:25	5.8	21545278898307204878017	0.0787
slice	1904803	NF-PM1	2011-06-03 22:59	17.8	B1=1000000, B2=30000000	0.2029
kurlytop	1908197	F-PM1	2011-06-03 21:51	5.8	12259471771560367914821045039	0.2029
hex	42157537	NF-PM1	2011-06-03 20:25	1.8	B1=505000, B2=13635000	2.6082
kurlytop	1908443	NF-PM1	2011-06-03 18:11	5.6	B1=1000000, B2=30000000	0.2029
kurlytop	1908521	NF-PM1	2011-06-03 14:31	5.5	B1=1000000, B2=30000000	0.2029
slice	1905517	F-PM1	2011-06-03 11:38	17.4	12096050199908709193	0.2029
kurlytop	1908289	NF-PM1	2011-06-03 10:50	5.3	B1=1000000, B2=30000000	0.2029
slice	1904549	F-PM1	2011-06-03 08:16	17.2	25021768995098640867836874507977	0.2029
kurlytop	1908499	NF-PM1	2011-06-03 07:09	5.2	B1=1000000, B2=30000000	0.2029
kurlytop	1908259	NF-PM1	2011-06-03 03:22	5.0	B1=1000000, B2=30000000	0.2029
hex	1974919	NF-PM1	2011-06-02 23:48	0.1	B1=1000000, B2=30000000	0.2460
kurlytop	9900161	NF-PM1	2011-06-02 23:35	0.9	B1=185000, B2=4162500	0.1699
hex	1943857	NF-PM1	2011-06-02 21:49	0.0	B1=1000000, B2=30000000	0.2029
slice	1905773	NF-PM1	2011-06-02 20:24	16.8	B1=1000000, B2=30000000	0.2029
kurlytop	9900101	NF-PM1	2011-06-02 19:43	0.8	B1=185000, B2=4162500	0.1699
slice	1905121	NF-PM1	2011-06-02 17:39	16.6	B1=1000000, B2=30000000	0.2029
kurlytop	9993359	NF-PM1	2011-06-02 15:52	0.6	B1=190000, B2=4180000	0.1723
hex	41305909	NF-PM1	2011-06-02 13:22	15.6	B1=245000, B2=4961250	1.0728
kurlytop	9990989	NF-PM1	2011-06-02 11:57	0.4	B1=190000, B2=4180000	0.1723
kurlytop	1907933	NF-PM1	2011-06-02 08:03	4.2	B1=1000000, B2=30000000	0.2029
kurlytop	9999761	NF-PM1	2011-06-02 06:00	0.2	B1=190000, B2=4180000	0.1723
slice	1905493	NF-PM1	2011-06-02 05:18	16.1	B1=1000000, B2=30000000	0.2029
hex	9998887	NF-PM1	2011-06-02 03:35	0.1	B1=190000, B2=4275000	0.1745
slice	1904543	NF-PM1	2011-06-02 02:40	16.0	B1=1000000, B2=30000000	0.2029
hex	41380093	NF-PM1	2011-06-01 23:53	15.0	B1=245000, B2=4961250	1.0728
kurlytop	1907701	NF-PM1	2011-06-01 23:50	3.8	B1=1000000, B2=30000000	0.2029
